feature,abs_pearson_corr,pearson_corr,abs_spearman_corr,spearman_corr
Force_Z_wavelet_max,0.9478140251042239,0.9478140251042239,0.9917938440392685,0.9917938440392685
Force_Z_wavelet_std,0.9457552344523366,0.9457552344523366,0.9914053051681044,0.9914053051681044
Force_X_wavelet_scale_1_ratio,0.7252016111830051,-0.7252016111830051,0.9911684193148355,-0.9911684193148355
Force_X_wavelet_scale_16_ratio,0.738708597533398,-0.738708597533398,0.9894676019242656,-0.9894676019242656
Force_Z_wavelet_scale_16_ratio,0.8719597304995874,-0.8719597304995874,0.9893324579690783,-0.9893324579690783
Force_X_wp_aad_energy,0.7029468003905297,-0.7029468003905297,0.987514157481101,-0.987514157481101
Force_X_wp_aad_std,0.8119666651769011,-0.8119666651769011,0.9874730767901776,-0.9874730767901776
Force_Z_wavelet_mean,0.9315337921776514,0.9315337921776514,0.9840084772117346,0.9840084772117346
Force_X_wp_ada_entropy,0.7327046253551093,-0.7327046253551093,0.9826247873978262,-0.9826247873978262
Force_X_wp_ada_energy,0.6878584994700122,-0.6878584994700122,0.9814269205223008,-0.9814269205223008
Force_X_wp_ada_std,0.7959016041772154,-0.7959016041772154,0.9813727861538876,-0.9813727861538876
Force_X_wp_daa_entropy,0.7004540177213271,-0.7004540177213271,0.9802735897229166,-0.9802735897229166
Force_X_wavelet_scale_8_ratio,0.6739059462853125,-0.6739059462853125,0.9784679589807384,-0.9784679589807384
Force_X_wp_daa_energy,0.6732477066130271,-0.6732477066130271,0.9782272338105605,-0.9782272338105605
Force_X_peak2peak,0.8580276229782252,-0.8580276229782252,0.9782022782506538,-0.9782022782506538
Force_X_wp_daa_std,0.7944333463270267,-0.7944333463270267,0.9781512153357675,-0.9781512153357675
Force_Z_wavelet_entropy,0.8319716199561736,-0.8319716199561736,0.977767283644894,-0.977767283644894
Vibration_Y_wavelet_scale_16_ratio,0.4420615377178637,-0.4420615377178637,0.9725738396624473,-0.9725738396624473
Vibration_Y_abs_mean,0.8061097839906799,0.8061097839906799,0.9663948430295283,0.9663948430295283
Vibration_Y_shape_factor,0.7977031018399936,-0.7977031018399936,0.9663948430295283,-0.9663948430295283
Force_X_clearance_factor,0.8200119696775701,-0.8200119696775701,0.9631559952853189,-0.9631559952853189
Force_X_impulse_factor,0.8148823710186084,-0.8148823710186084,0.9628012424029516,-0.9628012424029516
Force_X_wp_add_std,0.9342569544967867,-0.9342569544967867,0.9612374886260237,-0.9612374886260237
Force_X_wp_add_energy,0.7855036472181491,-0.7855036472181491,0.9609376379754515,-0.9609376379754515
Force_X_wp_add_entropy,0.873854505056018,-0.873854505056018,0.9582140265603944,-0.9582140265603944
Force_X_min,0.8281757431525362,0.8281757431525362,0.9561676706480383,0.9561676706480383
Force_X_peak,0.8306996158787243,-0.8306996158787243,0.9545712826773861,-0.9545712826773861
Force_X_crest,0.8306996158787242,-0.8306996158787242,0.9545712826773861,-0.9545712826773861
Vibration_Y_wavelet_scale_32_ratio,0.5386163044518337,0.5386163044518337,0.9542453246718344,0.9542453246718344
Force_X_wp_aad_entropy,0.7664349445308352,-0.7664349445308352,0.9525264624917935,-0.9525264624917935
Force_Y_skewness,0.8694964091927853,-0.8694964091927853,0.9502827656903284,-0.9502827656903284
Vibration_Y_kurtosis,0.8140492923806151,-0.8140492923806151,0.9465835838487616,-0.9465835838487616
Force_X_freq_std,0.8802007328409942,0.8802007328409942,0.9458598726114652,0.9458598726114652
Force_Z_wavelet_scale_8_ratio,0.6820925332889279,-0.6820925332889279,0.9436591761593779,-0.9436591761593779
Force_X_kurtosis,0.6513700165995449,-0.6513700165995449,0.9419925286892957,-0.9419925286892957
Vibration_X_wavelet_scale_32_ratio,0.9374672137019594,0.9374672137019594,0.8646825076882322,0.8646825076882322
Vibration_Y_freq_band_2_ratio,0.7006102595637724,-0.7006102595637724,0.9310466361824905,-0.9310466361824905
Force_X_wp_aaa_std,0.6954337688767311,0.6954337688767311,0.9299846811255342,0.9299846811255342
Force_X_max,0.8159753555746931,-0.8159753555746931,0.9294095514526056,-0.9294095514526056
Vibration_Y_wavelet_entropy,0.6237420480253837,-0.6237420480253837,0.9291135401189422,-0.9291135401189422
Force_X_wp_dad_std,0.9282677571770633,-0.9282677571770633,0.8882420919669973,-0.8882420919669973
Vibration_X_skewness,0.8727886007675704,0.8727886007675704,0.922354806632804,0.922354806632804
Vibration_Y_freq_band_1_ratio,0.6990606165962409,0.6990606165962409,0.921449879637415,0.921449879637415
Vibration_X_wavelet_scale_4_ratio,0.8373281729081798,0.8373281729081798,0.9202950131112673,0.9202950131112673
Vibration_X_wp_aaa_energy,0.8297421891793794,-0.8297421891793794,0.918607249398187,-0.918607249398187
Vibration_X_wp_daa_entropy,0.8546070081351675,0.8546070081351675,0.9183319703758308,0.9183319703758308
Vibration_X_wp_aad_std,0.8178776780679791,0.8178776780679791,0.9183204524251046,0.9183204524251046
Vibration_X_wp_aad_energy,0.830425152496916,0.830425152496916,0.9180797272549269,0.9180797272549269
Vibration_X_wp_aaa_std,0.8328196755838291,-0.8328196755838291,0.9178770113221456,-0.9178770113221456
Vibration_X_wp_aaa_entropy,0.8124493551708467,0.8124493551708467,0.9145371895432366,0.9145371895432366
Vibration_X_wp_daa_std,0.8377360894021416,0.8377360894021416,0.9143095180505484,0.9143095180505484
Force_X_freq_mean,0.874478742539883,-0.874478742539883,0.9140092834682855,-0.9140092834682855
Vibration_X_wp_daa_energy,0.848382855901584,0.848382855901584,0.9139616759386171,0.9139616759386171
Vibration_X_wavelet_scale_1_ratio,0.8123572883654049,0.8123572883654049,0.9124946729477892,0.9124946729477892
Vibration_X_wp_ada_std,0.8421261641406975,0.8421261641406975,0.9120500800497576,0.9120500800497576
Force_Z_wp_dad_entropy,0.6303753266099079,-0.6303753266099079,0.9116404249355955,-0.9116404249355955
Vibration_X_wp_ada_energy,0.855300461846001,0.855300461846001,0.9114415483197231,0.9114415483197231
Vibration_X_wp_aad_entropy,0.826281593845263,-0.826281593845263,0.9113428778751685,-0.9113428778751685
Vibration_X_wp_dda_entropy,0.8181579871604381,0.8181579871604381,0.9105627286793135,0.9105627286793135
Vibration_X_wavelet_scale_16_ratio,0.9064412573666126,-0.9064412573666126,0.9099699381486046,-0.9099699381486046
Force_Z_wp_add_entropy,0.6455117017597226,-0.6455117017597226,0.9087586336638986,-0.9087586336638986
Vibration_Y_wavelet_max,0.583739656664743,0.583739656664743,0.9064704007862923,0.9064704007862923
Vibration_Y_freq_std,0.8712912922026512,0.8712912922026512,0.9025535296760001,0.9025535296760001
Vibration_X_wp_ada_entropy,0.8389306776325701,0.8389306776325701,0.9024671450455535,0.9024671450455535
Vibration_X_wp_dad_entropy,0.8065839130116962,0.8065839130116962,0.8993392535600067,0.8993392535600067
Vibration_X_wp_dad_energy,0.8005308939911977,0.8005308939911977,0.8976929544695408,0.8976929544695408
Vibration_X_wp_dad_std,0.795490494417223,0.795490494417223,0.8976879633575594,0.8976879633575594
Vibration_X_wp_add_std,0.795908685412495,0.795908685412495,0.8975029082825584,0.8975029082825584
Vibration_X_wp_add_energy,0.8030975120314051,0.8030975120314051,0.8971535304438635,0.8971535304438635
Force_Z_wavelet_scale_1_ratio,0.7357917810291138,-0.7357917810291138,0.8881956362324017,-0.8881956362324017
Force_X_wavelet_entropy,0.7405188025209332,-0.7405188025209332,0.8881180820308452,-0.8881180820308452
Force_X_wp_dad_energy,0.8233232077401105,-0.8233232077401105,0.8868188571889289,-0.8868188571889289
Vibration_X_wp_ddd_entropy,0.8098092058061588,0.8098092058061588,0.886718651017611,0.886718651017611
Force_X_wp_dad_entropy,0.8557840157773166,-0.8557840157773166,0.8848250999182227,-0.8848250999182227
Vibration_Y_wavelet_std,0.552262544011527,0.552262544011527,0.8829361559991247,0.8829361559991247
Vibration_X_wp_ddd_std,0.7969937893326924,0.7969937893326924,0.8808237638359383,0.8808237638359383
Vibration_X_wp_ddd_energy,0.7835198965815593,0.7835198965815593,0.8805688331931983,0.8805688331931983
Vibration_X_wavelet_scale_8_ratio,0.7622729624489917,0.7622729624489917,0.8730410845302404,0.8730410845302404
Force_Z_wavelet_scale_32_ratio,0.7232908449457907,0.7232908449457907,0.8720486211093322,0.8720486211093322
Force_Z_kurtosis,0.48947001256616257,0.48947001256616257,0.8714504555349512,0.8714504555349512
Force_Z_wp_dad_energy,0.5920244613410774,-0.5920244613410774,0.8672314301839417,-0.8672314301839417
Force_Y_wavelet_mean,0.8669216356801773,-0.8669216356801773,0.860917673527526,-0.860917673527526
Force_Z_wp_dad_std,0.7217191643645375,-0.7217191643645375,0.866362208835804,-0.866362208835804
Vibration_X_wavelet_entropy,0.8641064567017831,-0.8641064567017831,0.5756806149049961,-0.5756806149049961
Force_Z_wp_add_energy,0.5840251380368131,-0.5840251380368131,0.8613745522396656,-0.8613745522396656
Force_Z_wp_add_std,0.7016885921662617,-0.7016885921662617,0.8605464115824513,-0.8605464115824513
Vibration_X_freq_band_1_ratio,0.8043911095038547,-0.8043911095038547,0.8560417410534319,-0.8560417410534319
Force_Y_kurtosis,0.854013038983057,-0.854013038983057,0.7987053823383744,-0.7987053823383744
Vibration_Y_skewness,0.7610302423894028,0.7610302423894028,0.8531073511400852,0.8531073511400852
Vibration_X_freq_band_2_ratio,0.800655850341383,0.800655850341383,0.8527472232140458,0.8527472232140458
Vibration_X_wavelet_mean,0.713643029503723,-0.713643029503723,0.8525579448904451,-0.8525579448904451
Force_Y_wavelet_std,0.7904348451172197,-0.7904348451172197,0.8487236190936909,-0.8487236190936909
Force_X_wp_aaa_energy,0.6802699062753508,0.6802699062753508,0.8481381232651087,0.8481381232651087
Vibration_X_peak_freq,0.8187328401201388,0.8187328401201388,0.8441217261731565,0.8441217261731565
Vibration_Y_freq_mean,0.8433952947036016,-0.8433952947036016,0.7925636270794701,-0.7925636270794701
Vibration_Y_wavelet_scale_1_ratio,0.34787320758786555,-0.34787320758786555,0.8353927429231791,-0.8353927429231791
Force_Y_wavelet_scale_8_ratio,0.7318051334882035,0.7318051334882035,0.8336101480824533,0.8336101480824533
Force_Z_skewness,0.7391471225382555,0.7391471225382555,0.824279840130844,0.824279840130844
Force_Y_wavelet_max,0.7361730675281076,-0.7361730675281076,0.8144231618310471,-0.8144231618310471
Force_Y_freq_band_2_ratio,0.663709521687087,0.663709521687087,0.8136130659633038,0.8136130659633038
Force_Y_wp_aaa_entropy,0.809015119752391,0.809015119752391,0.6339403293366045,0.6339403293366045
Vibration_X_wp_dda_std,0.6576019513845777,0.6576019513845777,0.808216906048076,0.808216906048076
Vibration_X_wp_dda_energy,0.44940432608250913,0.44940432608250913,0.8081904147614057,0.8081904147614057
Force_Y_max,0.806169132949165,-0.806169132949165,0.6290359859173856,-0.6290359859173856
Vibration_Y_wavelet_scale_8_ratio,0.3336603770633474,-0.3336603770633474,0.800735229188023,-0.800735229188023
Vibration_Y_wp_add_energy,0.5971242160500438,-0.5971242160500438,0.7927617358319609,-0.7927617358319609
Vibration_Y_wp_aaa_std,0.5426980892425526,0.5426980892425526,0.7926077792239206,0.7926077792239206
Vibration_Y_wp_add_std,0.7369869160526583,-0.7369869160526583,0.7913692155891625,-0.7913692155891625
Force_Y_freq_band_1_ratio,0.6356008347184747,-0.6356008347184747,0.7907468623182565,-0.7907468623182565
Vibration_Y_wp_aad_std,0.641527793926155,-0.641527793926155,0.7882962263354104,-0.7882962263354104
Vibration_Y_wp_aad_energy,0.5384368372845464,-0.5384368372845464,0.7882190560655449,-0.7882190560655449
Force_Y_crest,0.7863679775396661,-0.7863679775396661,0.6260996763455846,-0.6260996763455846
Force_Y_peak,0.786367977539666,-0.786367977539666,0.6260996763455846,-0.6260996763455846
Vibration_Y_wp_dad_energy,0.602771392316386,-0.602771392316386,0.7856152313380405,-0.7856152313380405
Vibration_Y_wp_dad_std,0.7468941739463462,-0.7468941739463462,0.7844146769406787,-0.7844146769406787
Vibration_X_wp_add_entropy,0.6636963945764437,0.6636963945764437,0.7839616375454479,0.7839616375454479
Force_Y_wavelet_scale_1_ratio,0.6237399130681429,0.6237399130681429,0.7831557649263045,0.7831557649263045
Force_Y_wp_dad_std,0.641344809605283,0.641344809605283,0.7803238847744209,0.7803238847744209
Force_Y_wp_dad_energy,0.6305721054885984,0.6305721054885984,0.7796754241485356,0.7796754241485356
Vibration_Y_wp_dad_entropy,0.6607340710329586,-0.6607340710329586,0.7787182824431877,-0.7787182824431877
Force_Y_wp_dad_entropy,0.6327069371145568,0.6327069371145568,0.7783404936593683,0.7783404936593683
Force_Y_impulse_factor,0.7765735065176725,-0.7765735065176725,0.6028721929794251,-0.6028721929794251
Force_Y_clearance_factor,0.7711083534113545,-0.7711083534113545,0.5934217144085725,-0.5934217144085725
Force_Y_wp_ddd_std,0.6277526322960765,0.6277526322960765,0.7708342451710992,0.7708342451710992
Force_Y_wavelet_scale_4_ratio,0.637483562657245,0.637483562657245,0.7698713444903883,0.7698713444903883
Force_Y_wp_ddd_energy,0.5969128620639887,0.5969128620639887,0.7696966555710408,0.7696966555710408
Force_Z_wp_aaa_entropy,0.3530022142379195,-0.3530022142379195,0.7691806513785069,-0.7691806513785069
Force_Y_wp_add_std,0.6241890858995717,0.6241890858995717,0.7691491689798551,0.7691491689798551
Vibration_Y_min,0.6339244200120189,0.6339244200120189,0.7690105696394499,0.7690105696394499
Force_Y_wp_add_energy,0.6141902849535259,0.6141902849535259,0.7687679248108176,0.7687679248108176
Force_Y_wp_add_entropy,0.6193167852208357,0.6193167852208357,0.7687625497671454,0.7687625497671454
Force_Y_wp_ddd_entropy,0.5998563798394952,0.5998563798394952,0.7683459838825476,0.7683459838825476
Force_X_wavelet_scale_32_ratio,0.6777493395747014,0.6777493395747014,0.766851337809977,0.766851337809977
Force_Z_freq_std,0.5903177989947088,0.5903177989947088,0.7658323831023984,0.7658323831023984
Force_Y_wavelet_scale_16_ratio,0.7571129134860038,-0.7571129134860038,0.40536621324333977,-0.40536621324333977
Vibration_Y_wp_add_entropy,0.7397385068982039,-0.7397385068982039,0.7087428924645728,-0.7087428924645728
Force_Y_abs_mean,0.7388204843128638,0.7388204843128638,0.5888579183991585,0.5888579183991585
Force_X_abs_mean,0.6571006769230374,0.6571006769230374,0.7367484057236537,0.7367484057236537
Force_X_shape_factor,0.6542488761356665,-0.6542488761356665,0.7367484057236537,-0.7367484057236537
Vibration_Z_wp_aad_std,0.7290786446422448,-0.7290786446422448,0.4358308089824659,-0.4358308089824659
Vibration_X_freq_centroid,0.6710263624704399,0.6710263624704399,0.7251521329325087,0.7251521329325087
Force_Y_shape_factor,0.7238247198578092,-0.7238247198578092,0.5888579183991585,-0.5888579183991585
Vibration_Y_wp_aaa_energy,0.531852137737247,0.531852137737247,0.7219501426306232,0.7219501426306232
Vibration_Z_wp_ada_entropy,0.7196427396461567,-0.7196427396461567,0.4783431811812042,-0.4783431811812042
Vibration_X_max,0.5493724009701269,0.5493724009701269,0.7144212421725926,0.7144212421725926
Vibration_Z_wavelet_scale_32_ratio,0.7036675242719025,0.7036675242719025,0.5835838487616284,0.5835838487616284
Force_X_wavelet_scale_4_ratio,0.7030015475379943,-0.7030015475379943,0.6621381923728131,-0.6621381923728131
Vibration_Z_wp_daa_std,0.6994443069052649,-0.6994443069052649,0.42287349834717414,-0.42287349834717414
Vibration_Y_peak2peak,0.5782950601658872,-0.5782950601658872,0.6940682553760036,-0.6940682553760036
Vibration_Z_wp_daa_entropy,0.6833658867358227,-0.6833658867358227,0.4609940759340098,-0.4609940759340098
Force_Y_wavelet_scale_32_ratio,0.6793425120467059,0.6793425120467059,0.24557345957007332,0.24557345957007332
Force_X_freq_skewness,0.6785663189052138,0.6785663189052138,0.6507903233856632,0.6507903233856632
Vibration_Y_wp_ada_entropy,0.5566963753835676,-0.5566963753835676,0.6765033805185382,-0.6765033805185382
Vibration_Z_wp_ada_std,0.673759369783792,-0.673759369783792,0.42590003186633035,-0.42590003186633035
Force_Y_peak_freq,0.6341760762428958,-0.6341760762428958,0.6633853610594679,-0.6633853610594679
Vibration_Y_impulse_factor,0.45739625398278655,-0.45739625398278655,0.6604270088265897,-0.6604270088265897
Force_Y_min,0.5076956231804316,-0.5076956231804316,0.6603820888187575,-0.6603820888187575
Vibration_Y_clearance_factor,0.44586546097908414,-0.44586546097908414,0.6546442296986521,-0.6546442296986521
Force_Z_peak2peak,0.5416781978988391,-0.5416781978988391,0.6529345818791922,-0.6529345818791922
Vibration_Y_wp_ada_std,0.5816141309084005,-0.5816141309084005,0.6479192822013108,-0.6479192822013108
Vibration_Y_wp_ada_energy,0.5072389462097561,-0.5072389462097561,0.6478697550131881,-0.6478697550131881
AE_RMS_wavelet_std,0.6471144473298286,-0.6471144473298286,0.6362811608558606,-0.6362811608558606
Vibration_Z_wp_aad_energy,0.6431093408535904,-0.6431093408535904,0.4359836137954335,-0.4359836137954335
AE_RMS_wavelet_max,0.6403062496872247,-0.6403062496872247,0.6256358868630094,-0.6256358868630094
Force_Y_wavelet_entropy,0.6380126411222838,-0.6380126411222838,0.1797975144262333,-0.1797975144262333
Vibration_Y_wp_daa_entropy,0.5133678493550871,-0.5133678493550871,0.6366735390439333,-0.6366735390439333
Force_X_freq_kurtosis,0.6322181296411782,0.6322181296411782,0.5926868691522404,0.5926868691522404
Vibration_Y_wp_aad_entropy,0.29786357406360353,0.29786357406360353,0.6302050579160956,0.6302050579160956
Vibration_Y_peak,0.3888508031600528,-0.3888508031600528,0.6288685917001647,-0.6288685917001647
Vibration_Y_crest,0.3888508031600528,-0.3888508031600528,0.6288685917001647,-0.6288685917001647
Force_X_wp_aaa_entropy,0.5440590952320729,0.5440590952320729,0.6254896088887866,0.6254896088887866
Vibration_Z_wavelet_entropy,0.6210984394346211,-0.6210984394346211,0.46895259595412786,-0.46895259595412786
AE_RMS_wavelet_mean,0.6159793739128319,-0.6159793739128319,0.6209269646744451,-0.6209269646744451
Vibration_Z_wp_daa_energy,0.6151568279452594,-0.6151568279452594,0.4229917493079631,-0.4229917493079631
Force_Z_max,0.4969062797355839,-0.4969062797355839,0.6139002468680772,-0.6139002468680772
Force_Z_peak,0.4969062797355839,-0.4969062797355839,0.6139002468680772,-0.6139002468680772
Force_Z_crest,0.4969062797355837,-0.4969062797355837,0.6139002468680772,-0.6139002468680772
Vibration_Z_wp_aaa_std,0.6077949175210692,0.6077949175210692,0.4114188963499614,0.4114188963499614
Force_Z_clearance_factor,0.46796018052655275,-0.46796018052655275,0.6030783642974242,-0.6030783642974242
Force_Y_wp_dda_entropy,0.38778108067256456,0.38778108067256456,0.6015437893290027,0.6015437893290027
Force_X_wp_ddd_std,0.5978441542833213,-0.5978441542833213,0.4379025043864196,-0.4379025043864196
Vibration_Y_wp_daa_energy,0.46416606845958663,-0.46416606845958663,0.592017292283357,-0.592017292283357
Vibration_Y_wp_daa_std,0.5314255383472007,-0.5314255383472007,0.5917193612912391,-0.5917193612912391
Vibration_Z_wp_aaa_energy,0.5910821563815783,0.5910821563815783,0.4063383282846317,0.4063383282846317
Vibration_Z_wp_ada_energy,0.5892348876565007,-0.5892348876565007,0.4262808921036769,-0.4262808921036769
Force_Y_freq_std,0.585847153966575,0.585847153966575,0.4721327021496336,0.4721327021496336
Force_X_peak_freq,0.5814640915548865,0.5814640915548865,0.24120406660491933,0.24120406660491933
Force_X_wavelet_max,0.5811270428055387,0.5811270428055387,0.38852466569148014,0.38852466569148014
Force_X_wavelet_std,0.5779860456661685,0.5779860456661685,0.40118750071987197,0.40118750071987197
Vibration_X_freq_band_3_ratio,0.41116089129817524,0.41116089129817524,0.5669741959510564,0.5669741959510564
Vibration_Y_wp_ddd_std,0.5617184854325402,-0.5617184854325402,0.31200093679332574,-0.31200093679332574
Force_Z_freq_mean,0.5570633793901973,-0.5570633793901973,0.48180547716950206,-0.48180547716950206
Force_Z_impulse_factor,0.44086304183353286,-0.44086304183353286,0.5550120362585089,-0.5550120362585089
Force_X_wp_ddd_entropy,0.5530061701099785,-0.5530061701099785,0.42483577321922883,-0.42483577321922883
Vibration_Y_max,0.325956810014596,-0.325956810014596,0.5525663913876443,-0.5525663913876443
Force_Y_wp_aad_entropy,0.3693374776592483,0.3693374776592483,0.5494077853668276,0.5494077853668276
Force_X_wp_ddd_energy,0.5487818983209463,-0.5487818983209463,0.43679562932163113,-0.43679562932163113
Vibration_Y_freq_skewness,0.548469296593992,0.548469296593992,0.3994348525510341,0.3994348525510341
Force_X_freq_max,0.5431759052129954,0.5431759052129954,0.509825963764527,0.509825963764527
Force_X_peak_magnitude,0.5431759052129954,0.5431759052129954,0.509825963764527,0.509825963764527
Force_Z_wp_aad_entropy,0.5044658222892047,-0.5044658222892047,0.5421311280297009,-0.5421311280297009
Vibration_Y_wp_ddd_entropy,0.5366809297289032,-0.5366809297289032,0.2712327662662259,-0.2712327662662259
Vibration_X_clearance_factor,0.4559983370198683,0.4559983370198683,0.5265626979647782,0.5265626979647782
Vibration_Y_wp_ddd_energy,0.5263088603715629,-0.5263088603715629,0.3134951989342057,-0.3134951989342057
Force_Y_wp_dda_energy,0.15927662613945376,0.15927662613945376,0.5228473909921947,0.5228473909921947
Force_Y_wp_dda_std,0.2778142594067711,0.2778142594067711,0.5228040067111259,0.5228040067111259
Force_X_skewness,0.521273044469584,-0.521273044469584,0.41644149072996933,-0.41644149072996933
Force_Y_peak2peak,0.5205655449928568,-0.5205655449928568,0.2622199698229691,-0.2622199698229691
Force_Z_min,0.5203714596551572,0.5203714596551572,0.43223874408265284,0.43223874408265284
Vibration_X_impulse_factor,0.45557030590210645,0.45557030590210645,0.5194975869893229,0.5194975869893229
Vibration_Y_freq_kurtosis,0.5182746709836463,0.5182746709836463,0.3533242725454287,0.3533242725454287
Vibration_X_peak,0.4423199382619241,0.4423199382619241,0.5180033248484429,0.5180033248484429
Vibration_X_crest,0.4423199382619242,0.4423199382619242,0.5180033248484429,0.5180033248484429
Vibration_Z_wavelet_scale_16_ratio,0.5168136181230137,-0.5168136181230137,0.468460395526428,-0.468460395526428
Force_Z_wp_aad_energy,0.4797137196134828,-0.4797137196134828,0.5078997784714144,-0.5078997784714144
Force_Z_wp_aad_std,0.478892085727273,-0.478892085727273,0.5077895900761337,-0.5077895900761337
Force_Z_abs_mean,0.028683535506813948,-0.028683535506813948,0.5024091713602317,-0.5024091713602317
Force_Z_shape_factor,0.013897068176385141,0.013897068176385141,0.5024091713602317,0.5024091713602317
AE_RMS_skewness,0.49593563828210535,0.49593563828210535,0.4468911131331514,0.4468911131331514
Vibration_X_shape_factor,0.49074710811531186,0.49074710811531186,0.39446677647113026,0.39446677647113026
Vibration_Z_freq_mean,0.48832151512075483,-0.48832151512075483,0.3133715729297444,-0.3133715729297444
Vibration_X_abs_mean,0.48775936440290635,-0.48775936440290635,0.39446677647113026,-0.39446677647113026
Force_Z_wavelet_scale_4_ratio,0.42106618651307165,-0.42106618651307165,0.4728690831327291,-0.4728690831327291
Force_Y_freq_skewness,0.47001011244896723,0.47001011244896723,0.3283479803273402,0.3283479803273402
Vibration_X_peak2peak,0.466098859201202,0.466098859201202,0.4668029624169268,0.4668029624169268
Force_Y_freq_mean,0.45946434905649974,-0.45946434905649974,0.33621589246841205,-0.33621589246841205
Vibration_X_freq_max,0.45658691400453544,-0.45658691400453544,0.4575060565224236,-0.4575060565224236
Vibration_X_peak_magnitude,0.45658691400453544,-0.45658691400453544,0.4575060565224236,-0.4575060565224236
Vibration_X_wavelet_max,0.45335238320502913,0.45335238320502913,0.3387317968387065,0.3387317968387065
AE_RMS_min,0.4506844478885257,0.4506844478885257,0.44437136944594824,0.44437136944594824
Vibration_Z_freq_std,0.4474650216413665,0.4474650216413665,0.33897636132579295,0.33897636132579295
Force_Y_freq_kurtosis,0.436931415817456,0.436931415817456,0.3025677351485624,0.3025677351485624
Force_Z_wp_daa_entropy,0.43549508234656564,-0.43549508234656564,0.43450739644402475,-0.43450739644402475
Force_Z_wp_daa_energy,0.4338665565421692,-0.4338665565421692,0.42925290732272914,-0.42925290732272914
Vibration_Y_wavelet_mean,0.3649507926309268,0.3649507926309268,0.43257391644878546,0.43257391644878546
Force_Z_wp_daa_std,0.407969891748224,-0.407969891748224,0.4289396190629763,-0.4289396190629763
Vibration_Y_wavelet_scale_4_ratio,0.4280809886588606,-0.4280809886588606,0.26223955033920365,-0.26223955033920365
Vibration_X_wavelet_min,0.4208890239909815,0.4208890239909815,0.4256804229391507,0.4256804229391507
Force_Z_wp_ada_entropy,0.42451029120764294,-0.42451029120764294,0.4233918061298534,-0.4233918061298534
Force_Z_wp_ada_energy,0.4241125064711347,-0.4241125064711347,0.41427419633498813,-0.41427419633498813
Force_X_wp_dda_entropy,0.22543223209895974,-0.22543223209895974,0.42053420255468144,-0.42053420255468144
Vibration_Z_freq_skewness,0.4188137450393026,0.4188137450393026,0.20250745787309524,0.20250745787309524
Force_Z_wp_ada_std,0.39639836618615776,-0.39639836618615776,0.4137923620629418,-0.4137923620629418
Vibration_Y_wp_dda_entropy,0.2336040146902663,0.2336040146902663,0.41109524193455504,0.41109524193455504
Vibration_Z_freq_kurtosis,0.4076968268819674,0.4076968268819674,0.17402740504409456,0.17402740504409456
Vibration_Z_wp_aaa_entropy,0.2628642847718474,-0.2628642847718474,0.4029816135113241,-0.4029816135113241
Vibration_Y_freq_max,0.39765971286634616,0.39765971286634616,0.303868495717242,0.303868495717242
Vibration_Y_peak_magnitude,0.39765971286634616,0.39765971286634616,0.303868495717242,0.303868495717242
Vibration_Z_abs_mean,0.39565484308465354,0.39565484308465354,0.16046847344920392,0.16046847344920392
Force_Y_wp_ada_std,0.3940274089121502,-0.3940274089121502,0.3124390028526125,-0.3124390028526125
Vibration_Z_skewness,0.325427918544611,0.325427918544611,0.38915968870818507,0.38915968870818507
AE_RMS_kurtosis,0.38559903923737704,0.38559903923737704,0.3252477319235362,0.3252477319235362
Force_X_freq_band_1_ratio,0.3827459960101477,0.3827459960101477,0.22526308919117113,0.22526308919117113
Vibration_Z_shape_factor,0.3817480272590429,-0.3817480272590429,0.16046847344920392,-0.16046847344920392
Vibration_Z_wp_add_entropy,0.37575880927074445,-0.37575880927074445,0.12191558877844455,-0.12191558877844455
Vibration_Z_wp_add_std,0.37323749581572035,-0.37323749581572035,0.13930462292148982,-0.13930462292148982
Force_Y_wp_ada_energy,0.36823052161948394,-0.36823052161948394,0.3133942248995059,-0.3133942248995059
Force_X_freq_band_2_ratio,0.36683627816712794,-0.36683627816712794,0.20834744282297296,-0.20834744282297296
Force_Y_wp_aad_std,0.3655249584377799,-0.3655249584377799,0.21650599125403608,-0.21650599125403608
AE_RMS_wp_daa_std,0.36467560912360547,-0.36467560912360547,0.2401657817041192,-0.2401657817041192
Force_X_wavelet_mean,0.3576783430118856,0.3576783430118856,0.18582600983632994,0.18582600983632994
AE_RMS_wp_ada_std,0.3562523624574984,-0.3562523624574984,0.2246468788273191,-0.2246468788273191
AE_RMS_wp_aad_std,0.3546855659185582,-0.3546855659185582,0.22033187055359113,-0.22033187055359113
Vibration_X_freq_band_4_ratio,0.3517881482007399,0.3517881482007399,0.32113889496780734,0.32113889496780734
AE_RMS_wp_ddd_std,0.3511256748952658,-0.3511256748952658,0.22061905145836455,-0.22061905145836455
Force_X_freq_band_3_ratio,0.3192007689365835,-0.3192007689365835,0.3505016067541263,-0.3505016067541263
Force_Y_wp_aad_energy,0.35008327133133527,-0.35008327133133527,0.2184778644183627,-0.2184778644183627
Vibration_Z_wp_dad_std,0.3493328757097684,-0.3493328757097684,0.11894741287630106,-0.11894741287630106
Vibration_X_freq_band_5_ratio,0.3492557428014711,0.3492557428014711,0.3045518941269969,0.3045518941269969
Force_X_freq_band_4_ratio,0.31808806448496035,-0.31808806448496035,0.34443663783339673,-0.34443663783339673
Vibration_Y_wp_dda_std,0.15046324078004814,0.15046324078004814,0.34434602995435054,0.34434602995435054
Vibration_Y_wp_dda_energy,0.10541902629626661,0.10541902629626661,0.3427665349780967,0.3427665349780967
AE_RMS_wp_dad_std,0.3425477905838214,-0.3425477905838214,0.19977885534605683,-0.19977885534605683
AE_RMS_wp_add_std,0.3422776164802431,-0.3422776164802431,0.20054710265949482,-0.20054710265949482
Force_X_freq_band_5_ratio,0.3177863257592789,-0.3177863257592789,0.3419441532962456,-0.3419441532962456
Vibration_Y_wp_aaa_entropy,0.0378366648574817,0.0378366648574817,0.34074014351366605,0.34074014351366605
Force_X_freq_energy,0.28732454856122236,0.28732454856122236,0.33480340777768824,0.33480340777768824
Force_X_wp_dda_energy,0.09305244647536225,-0.09305244647536225,0.3347454340923663,-0.3347454340923663
Force_X_wp_dda_std,0.15819619276307342,-0.15819619276307342,0.3347016658796067,-0.3347016658796067
Vibration_X_freq_energy,0.33457174540188284,-0.33457174540188284,0.2880397599659069,-0.2880397599659069
Vibration_Z_kurtosis,0.3336903140821163,-0.3336903140821163,0.16760806717268864,-0.16760806717268864
AE_RMS_wp_aad_entropy,0.33146323258300736,-0.33146323258300736,0.21947339929279783,-0.21947339929279783
AE_RMS_impulse_factor,0.28635549383608205,0.28635549383608205,0.33099288574576813,0.33099288574576813
AE_RMS_clearance_factor,0.2768964015386484,0.2768964015386484,0.3280262455703881,0.3280262455703881
Vibration_X_freq_kurtosis,0.32392870907849053,-0.32392870907849053,0.31356430663856294,-0.31356430663856294
AE_RMS_wp_ddd_entropy,0.3231324805734654,-0.3231324805734654,0.21717556812291958,-0.21717556812291958
Force_Y_freq_centroid,0.2469186560014333,0.2469186560014333,0.3206762572803047,0.3206762572803047
AE_RMS_wp_daa_entropy,0.31922277543062527,-0.31922277543062527,0.2330304112292341,-0.2330304112292341
AE_RMS_wp_add_entropy,0.3187412260902584,-0.3187412260902584,0.20076978304020152,-0.20076978304020152
AE_RMS_wp_ada_entropy,0.31801765327841097,-0.31801765327841097,0.22704990728049668,-0.22704990728049668
AE_RMS_wp_ddd_energy,0.3165153889806912,-0.3165153889806912,0.2217117210505907,-0.2217117210505907
AE_RMS_wp_dad_entropy,0.3163442100794547,-0.3163442100794547,0.19949512982650128,-0.19949512982650128
Vibration_Z_wavelet_mean,0.05234221698449565,-0.05234221698449565,0.31591358465501823,-0.31591358465501823
AE_RMS_peak_freq,0.31585113763470485,-0.31585113763470485,0.28582429348064686,0.28582429348064686
Vibration_Z_wavelet_scale_8_ratio,0.31487672464633387,-0.31487672464633387,0.24330442327701057,-0.24330442327701057
AE_RMS_wavelet_scale_16_ratio,0.19896080190787227,0.19896080190787227,0.3139666670505984,0.3139666670505984
AE_RMS_wp_aad_energy,0.3130686670129068,-0.3130686670129068,0.22066397146619676,-0.22066397146619676
AE_RMS_wp_daa_energy,0.31220059719270277,-0.31220059719270277,0.24063724982051196,-0.24063724982051196
AE_RMS_max,0.2639221931285145,0.2639221931285145,0.3110902508225737,0.3110902508225737
AE_RMS_peak,0.2639221931285145,0.2639221931285145,0.3110902508225737,0.3110902508225737
AE_RMS_crest,0.2639221931285145,0.2639221931285145,0.3110902508225737,0.3110902508225737
AE_RMS_wp_dad_energy,0.31044184586494566,-0.31044184586494566,0.20030676142100798,-0.20030676142100798
Force_Y_wp_ada_entropy,0.3099813852771361,-0.3099813852771361,0.2001178670290982,-0.2001178670290982
AE_RMS_wp_add_energy,0.30814904038961793,-0.30814904038961793,0.2016294060960674,-0.2016294060960674
AE_RMS_wp_aaa_entropy,0.30635073485114755,-0.30635073485114755,0.25601256224492536,-0.25601256224492536
Vibration_Z_peak2peak,0.30581350567077425,-0.30581350567077425,0.17038312543432274,-0.17038312543432274
AE_RMS_wp_ada_energy,0.3044616653947799,-0.3044616653947799,0.22483193390232015,-0.22483193390232015
Vibration_Z_freq_max,0.3030138369289187,0.3030138369289187,0.1406929199156886,0.1406929199156886
Vibration_Z_peak_magnitude,0.3030138369289187,0.3030138369289187,0.1406929199156886,0.1406929199156886
Force_Y_freq_max,0.3020236208999413,0.3020236208999413,0.2450275087056511,0.2450275087056511
Force_Y_peak_magnitude,0.3020236208999413,0.3020236208999413,0.2450275087056511,0.2450275087056511
Force_Z_wp_ddd_entropy,0.30027539661287267,-0.30027539661287267,0.12531607176451168,-0.12531607176451168
Vibration_Z_wp_add_energy,0.296364100013917,-0.296364100013917,0.13913262152397848,-0.13913262152397848
Vibration_Z_wp_dad_entropy,0.29036700733681364,-0.29036700733681364,0.11340843037206821,-0.11340843037206821
AE_RMS_energy,0.24518150778232972,-0.24518150778232972,0.28773424677148024,-0.28773424677148024
Force_Y_energy,0.24518150778232692,-0.24518150778232692,0.2873695665027913,-0.2873695665027913
Vibration_Z_energy,0.24518150778233094,-0.24518150778233094,0.28724171410201255,-0.28724171410201255
Vibration_Y_energy,0.24518150778232023,-0.24518150778232023,0.28715211956361325,-0.28715211956361325
Force_Z_energy,0.2451815077823292,-0.2451815077823292,0.28692650473061226,-0.28692650473061226
Force_X_energy,0.24518150778231843,-0.24518150778231843,0.2868759921269467,-0.2868759921269467
Vibration_X_energy,0.2451815077823249,-0.2451815077823249,0.28654413214262586,-0.28654413214262586
Vibration_Z_wp_ddd_entropy,0.0017237769480854537,-0.0017237769480854537,0.28491839531910484,0.28491839531910484
Vibration_Z_wavelet_scale_4_ratio,0.04753153282643596,-0.04753153282643596,0.2822166680104276,0.2822166680104276
Force_Z_freq_band_1_ratio,0.2819618525555365,0.2819618525555365,0.16477541915742352,0.16477541915742352
Vibration_Z_wp_dad_energy,0.2754871193984428,-0.2754871193984428,0.119229986600784,-0.119229986600784
Force_Z_freq_band_2_ratio,0.2748983312762674,-0.2748983312762674,0.13403554439594106,-0.13403554439594106
Vibration_Z_min,0.2743765667292885,0.2743765667292885,0.18948027167006448,0.18948027167006448
Force_Z_freq_band_3_ratio,0.27334405786292093,-0.27334405786292093,0.21186003386277513,-0.21186003386277513
Vibration_Z_max,0.2731589669401908,-0.2731589669401908,0.15102260205864174,-0.15102260205864174
Force_Z_freq_band_4_ratio,0.2731326298098605,-0.2731326298098605,0.20991810737033667,-0.20991810737033667
Force_Z_freq_band_5_ratio,0.2730705708605211,-0.2730705708605211,0.20916252980269753,-0.20916252980269753
Vibration_X_freq_mean,0.1331747428971403,0.1331747428971403,0.26657874630945666,0.26657874630945666
Force_Z_freq_energy,0.26576407136576385,0.26576407136576385,0.21478405762046815,0.21478405762046815
AE_RMS_shape_factor,0.2620836596410172,0.2620836596410172,0.2148984692643485,0.2148984692643485
AE_RMS_wavelet_scale_8_ratio,0.1612601756497541,0.1612601756497541,0.256872953164173,0.256872953164173
Vibration_Z_impulse_factor,0.2563263249048073,-0.2563263249048073,0.14380814165543668,-0.14380814165543668
Vibration_Z_clearance_factor,0.2557206827859394,-0.2557206827859394,0.14382157926461722,-0.14382157926461722
AE_RMS_abs_mean,0.2539316954832783,-0.2539316954832783,0.2148984692643485,-0.2148984692643485
Vibration_Z_wavelet_scale_1_ratio,0.252321700377772,-0.252321700377772,0.16841278799675963,-0.16841278799675963
Vibration_Z_wp_ddd_std,0.0066239547418636135,-0.0066239547418636135,0.25076229637222947,0.25076229637222947
Vibration_Z_wp_ddd_energy,0.021795149018827398,-0.021795149018827398,0.24999712051231845,0.24999712051231845
Vibration_Z_crest,0.2473723524777357,-0.2473723524777357,0.1382825967603844,-0.1382825967603844
Vibration_Z_peak,0.24737235247773565,-0.24737235247773565,0.1382825967603844,-0.1382825967603844
AE_RMS_wp_dda_entropy,0.21078434655863626,-0.21078434655863626,0.24224246822005432,-0.24224246822005432
Force_Y_wp_aaa_std,0.24146918727986477,0.24146918727986477,0.18926335026472094,0.18926335026472094
AE_RMS_wp_dda_energy,0.17057926832058107,-0.17057926832058107,0.2359509796017093,-0.2359509796017093
AE_RMS_wp_dda_std,0.21173018559350415,-0.21173018559350415,0.2351900269903979,-0.2351900269903979
Vibration_Z_wavelet_max,0.2338026999480154,0.2338026999480154,0.05335268349055336,0.05335268349055336
Vibration_X_freq_std,0.07515361787194214,-0.07515361787194214,0.23216310953955072,-0.23216310953955072
AE_RMS_wp_aaa_energy,0.20195126648829737,-0.20195126648829737,0.2300583960101819,-0.2300583960101819
AE_RMS_freq_band_2_ratio,0.22786074059870004,-0.22786074059870004,0.21470381589707563,-0.21470381589707563
Vibration_Z_wp_aad_entropy,0.1763842679647187,0.1763842679647187,0.21455062715241704,-0.21455062715241704
AE_RMS_freq_std,0.2134763055650502,0.2134763055650502,0.1411678434172992,0.1411678434172992
Force_X_freq_centroid,0.21291965615122177,-0.21291965615122177,0.16589227644617469,-0.16589227644617469
Force_Z_wp_ddd_std,0.20893161404373067,-0.20893161404373067,0.08427339007843725,-0.08427339007843725
Vibration_X_freq_skewness,0.17750898440925167,-0.17750898440925167,0.20816469133811713,-0.20816469133811713
Vibration_X_wavelet_std,0.1943564265706457,0.1943564265706457,0.024500984784787093,0.024500984784787093
AE_RMS_freq_skewness,0.04794092757716809,-0.04794092757716809,0.18942805696010567,-0.18942805696010567
Force_Z_wp_aaa_std,0.18307590774691107,0.18307590774691107,0.18794108952135236,0.18794108952135236
Vibration_Z_wavelet_std,0.18630925573451546,0.18630925573451546,0.007938939503883469,0.007938939503883469
Vibration_X_min,0.18125087070025978,-0.18125087070025978,0.0158087713034097,0.0158087713034097
AE_RMS_freq_kurtosis,0.013483104183271998,-0.013483104183271998,0.18108445345404148,-0.18108445345404148
Force_Z_wp_ddd_energy,0.18020303867113732,-0.18020303867113732,0.08561907065494907,-0.08561907065494907
AE_RMS_freq_band_1_ratio,0.17173990722075133,0.17173990722075133,0.17940859162337838,0.17940859162337838
Force_Y_wp_daa_energy,0.17878796180009213,-0.17878796180009213,0.03628461624107839,-0.03628461624107839
Vibration_Z_freq_band_2_ratio,0.1758472509677735,-0.1758472509677735,0.037458295420078856,-0.037458295420078856
Vibration_Z_freq_band_1_ratio,0.17527425783510012,0.17527425783510012,0.0372267846104821,0.0372267846104821
Vibration_Z_freq_centroid,0.0743097201365615,0.0743097201365615,0.17201675477898973,0.17201675477898973
AE_RMS_wavelet_entropy,0.061028794317116955,0.061028794317116955,0.16452355996821044,0.16452355996821044
Vibration_Z_peak_freq,0.16184875085565603,0.16184875085565603,0.0733185526132248,-0.0733185526132248
Force_Y_wp_daa_std,0.15945529848439854,-0.15945529848439854,0.033503799004081194,-0.033503799004081194
Force_Y_wavelet_min,0.04368524563179342,0.04368524563179342,0.15926868691522406,0.15926868691522406
AE_RMS_wavelet_scale_1_ratio,0.10834661474380472,0.10834661474380472,0.1591154981705655,0.1591154981705655
AE_RMS_freq_max,0.06490048511710184,-0.06490048511710184,0.1588659425714977,-0.1588659425714977
AE_RMS_peak_magnitude,0.06490048511710184,-0.06490048511710184,0.1588659425714977,-0.1588659425714977
AE_RMS_wavelet_min,0.15344821553065047,-0.15344821553065047,0.14798647024721365,-0.14798647024721365
Force_Z_wp_dda_entropy,0.0446426699301426,0.0446426699301426,0.148686761651367,-0.148686761651367
Force_Y_wp_daa_entropy,0.14229893073439465,-0.14229893073439465,0.011082572188756176,0.011082572188756176
Force_Z_wavelet_min,0.06128238504190475,-0.06128238504190475,0.1413302465225387,-0.1413302465225387
Vibration_Y_peak_freq,0.140807066147961,0.140807066147961,0.06256436626833324,-0.06256436626833324
Vibration_Y_wavelet_min,0.13773577506284299,0.13773577506284299,0.12834375707874057,0.12834375707874057
Force_Z_peak_freq,0.13671663268706527,0.13671663268706527,0.051290952585638,-0.051290952585638
AE_RMS_freq_centroid,0.13393275747850877,-0.13393275747850877,0.09760273052218549,-0.09760273052218549
Vibration_Y_wp_daa_mean,0.13140946185437327,0.13140946185437327,0.12772447526136152,0.12772447526136152
Force_Z_wp_aaa_energy,0.128795144428219,-0.128795144428219,0.13071760672341176,-0.13071760672341176
AE_RMS_wavelet_scale_4_ratio,0.07720973738898818,0.07720973738898818,0.12909856678299797,0.12909856678299797
Vibration_X_kurtosis,0.1256327158868002,0.1256327158868002,0.06674268514145965,0.06674268514145965
Vibration_Z_wavelet_min,0.028016959808664088,-0.028016959808664088,0.12179234670567414,0.12179234670567414
Vibration_Y_freq_centroid,0.12016820631049453,0.12016820631049453,0.09215550769207144,0.09215550769207144
Vibration_Z_wp_dda_std,0.11715656957668102,-0.11715656957668102,0.05934854470692574,0.05934854470692574
Force_Z_wp_dda_energy,0.06703375948713433,0.06703375948713433,0.11049899601862836,-0.11049899601862836
Vibration_X_wp_daa_mean,0.11030792157559031,-0.11030792157559031,0.062213826915915135,-0.062213826915915135
Force_Z_wp_dda_std,0.024282712880003793,0.024282712880003793,0.11001063490783719,-0.11001063490783719
AE_RMS_std,0.10767975404618121,0.10767975404618121,0.07270704981766148,0.07270704981766148
Vibration_Z_wp_dda_entropy,0.10761248402918538,-0.10761248402918538,0.08659579287653141,0.08659579287653141
AE_RMS_wavelet_scale_32_ratio,0.09802795415903004,0.09802795415903004,0.10494427231506971,0.10494427231506971
Force_Y_freq_energy,0.10048712908451901,0.10048712908451901,0.05360262302131205,-0.05360262302131205
Force_Y_wp_ddd_mean,0.04706235840414635,-0.04706235840414635,0.1003720298084565,-0.1003720298084565
Force_Y_mean,0.09668553971179948,0.09668553971179948,0.10034669031685883,0.10034669031685883
Vibration_Z_wp_dda_energy,0.09930735426024731,-0.09930735426024731,0.05875383451776261,0.05875383451776261
Force_X_wp_daa_mean,0.08262301630917193,-0.08262301630917193,0.09822546772478241,-0.09822546772478241
AE_RMS_wp_add_mean,0.08939369852807125,-0.08939369852807125,0.09768028472374196,-0.09768028472374196
Force_Z_wp_dad_mean,0.04917136297229273,0.04917136297229273,0.09582205533991392,0.09582205533991392
AE_RMS_freq_mean,0.0033091888469468367,0.0033091888469468367,0.08950215577644426,0.08950215577644426
Force_Z_mean,0.07666412173103497,-0.07666412173103497,0.0879157500297547,-0.0879157500297547
Vibration_Z_freq_band_3_ratio,0.0379782050790753,-0.0379782050790753,0.08726728940386927,0.08726728940386927
Force_Y_freq_band_5_ratio,0.0858328247940188,-0.0858328247940188,0.058206731858267774,0.058206731858267774
Force_Y_freq_band_4_ratio,0.08583060046352005,-0.08583060046352005,0.05822631237450234,0.05822631237450234
Force_Y_freq_band_3_ratio,0.08550607397877344,-0.08550607397877344,0.06014021185350703,0.06014021185350703
Force_Y_wp_add_mean,0.04464782662133922,-0.04464782662133922,0.08455826739306542,-0.08455826739306542
Force_Y_wp_aaa_energy,0.08426642224828224,0.08426642224828224,0.02068585557257653,-0.02068585557257653
Vibration_Y_freq_energy,0.04628249577449645,0.04628249577449645,0.08357770585457436,0.08357770585457436
Force_Z_wp_aad_mean,0.05618440662482259,0.05618440662482259,0.08226389160840504,0.08226389160840504
Force_Y_wp_aad_mean,0.025602980178832464,-0.025602980178832464,0.08215639073496044,-0.08215639073496044
AE_RMS_freq_energy,0.08018396644973683,0.08018396644973683,0.019448059801200172,0.019448059801200172
Vibration_X_wp_dda_mean,0.0797905141087248,0.0797905141087248,0.01607752348702119,0.01607752348702119
Vibration_X_wp_aaa_mean,0.07091485969325775,0.07091485969325775,0.07972955851694867,0.07972955851694867
Force_X_wp_aaa_mean,0.0625756346325815,-0.0625756346325815,0.0779154812775711,-0.0779154812775711
AE_RMS_freq_band_3_ratio,0.07619807060431985,-0.07619807060431985,0.016305578911400085,-0.016305578911400085
AE_RMS_freq_band_5_ratio,0.07619051539472883,-0.07619051539472883,0.01596733509174048,-0.01596733509174048
AE_RMS_freq_band_4_ratio,0.07618089076184081,-0.07618089076184081,0.01611169340750894,-0.01611169340750894
Force_X_wavelet_min,0.050853080317358385,-0.050853080317358385,0.07539228220515005,-0.07539228220515005
Force_X_wp_dad_mean,0.02754562016694892,-0.02754562016694892,0.07379934961971565,-0.07379934961971565
AE_RMS_peak2peak,0.07350741553455063,-0.07350741553455063,0.04546672656001045,-0.04546672656001045
Vibration_Z_mean,0.05290673380299499,0.05290673380299499,0.07303552453088617,0.07303552453088617
Force_Z_freq_skewness,0.07162562458787726,0.07162562458787726,0.014198945723576863,-0.014198945723576863
AE_RMS_wp_ddd_mean,0.07161897407930493,-0.07161897407930493,0.03643166207868296,-0.03643166207868296
Vibration_Z_wp_ddd_mean,0.03251589295703951,-0.03251589295703951,0.07136752628972254,-0.07136752628972254
Vibration_Y_wp_dad_mean,0.046922281245022374,0.046922281245022374,0.07104348794262526,0.07104348794262526
AE_RMS_wp_dad_mean,0.055728953113932375,0.055728953113932375,0.0702195705340106,0.0702195705340106
Force_X_wp_ada_mean,0.052062990662480685,0.052062990662480685,0.06895643527103658,0.06895643527103658
Force_X_wp_dda_mean,0.05555781309706761,0.05555781309706761,0.06887465782088051,0.06887465782088051
Vibration_Y_freq_band_3_ratio,0.013356752860004834,-0.013356752860004834,0.06875333540656448,0.06875333540656448
Force_Y_wp_aaa_mean,0.057236881222120194,0.057236881222120194,0.06847191347715414,0.06847191347715414
Vibration_Y_freq_band_5_ratio,0.06666725701427416,-0.06666725701427416,0.06748636082668172,-0.06748636082668172
Force_Z_freq_centroid,0.06700734929818335,-0.06700734929818335,0.05252915001362958,-0.05252915001362958
Vibration_Z_wp_add_mean,0.05371452826240984,-0.05371452826240984,0.06619174316505608,-0.06619174316505608
Vibration_Y_freq_band_4_ratio,0.06492314733461521,-0.06492314733461521,0.06585234755032385,-0.06585234755032385
AE_RMS_wp_aaa_mean,0.06528213561206453,0.06528213561206453,0.041654284869635995,0.041654284869635995
Vibration_X_wp_add_mean,0.018920458710720584,-0.018920458710720584,0.06475468684611634,-0.06475468684611634
Force_X_wp_aad_mean,0.01943569224953319,-0.01943569224953319,0.06312604861343071,-0.06312604861343071
AE_RMS_mean,0.060767652625241184,-0.060767652625241184,0.025215481661502788,-0.025215481661502788
Force_X_var,0.060582920760014994,0.060582920760014994,0.055064132227338726,0.055064132227338726
Vibration_X_wp_aad_mean,0.060394842352563656,0.060394842352563656,0.016459535519440384,0.016459535519440384
Vibration_X_wp_dad_mean,0.06022214724916118,0.06022214724916118,0.04943120519997083,0.04943120519997083
Force_X_std,0.05770123015080756,0.05770123015080756,0.0592075561528175,0.0592075561528175
Vibration_Z_freq_band_4_ratio,0.038331587617627644,-0.038331587617627644,0.058312697004948885,0.058312697004948885
Vibration_Y_var,0.04522505316646446,0.04522505316646446,0.057986394511313794,0.057986394511313794
Vibration_Y_wp_add_mean,0.03606700069898382,-0.03606700069898382,0.05743733274975717,-0.05743733274975717
Vibration_Z_freq_band_5_ratio,0.03837577247197496,-0.03837577247197496,0.056026383785796836,0.056026383785796836
Vibration_Z_var,0.052803452298461756,-0.052803452298461756,0.020292514281061328,-0.020292514281061328
AE_RMS_rms,0.02434705282400762,-0.02434705282400762,0.05279832427483874,-0.05279832427483874
Vibration_Z_std,0.05192612758232955,-0.05192612758232955,0.024990889070052435,-0.024990889070052435
Vibration_X_rms,0.035463362869302434,-0.035463362869302434,0.049217334619958926,-0.049217334619958926
AE_RMS_wp_daa_mean,0.048804433509492165,-0.048804433509492165,0.0014370563189397341,-0.0014370563189397341
Force_Z_rms,0.027086357585230515,-0.027086357585230515,0.048674790181802936,-0.048674790181802936
Vibration_Z_freq_energy,0.044664448033257684,0.044664448033257684,0.04717829403792478,-0.04717829403792478
Vibration_Z_rms,0.046990299509607696,-0.046990299509607696,0.013818031448128223,-0.013818031448128223
Force_Z_freq_max,0.025807526408376524,0.025807526408376524,0.04361655974169076,-0.04361655974169076
Force_Z_peak_magnitude,0.025807526408376524,0.025807526408376524,0.04361655974169076,-0.04361655974169076
Force_Z_wp_aaa_mean,0.043160646104778655,0.043160646104778655,0.03415878646871149,0.03415878646871149
Force_Z_freq_kurtosis,0.04213955575506617,0.04213955575506617,0.03923244376360558,-0.03923244376360558
Force_Y_wp_ada_mean,0.042117380818418995,0.042117380818418995,0.029513596940832287,0.029513596940832287
Force_Z_wp_ddd_mean,0.03037997122699332,0.03037997122699332,0.04186467943623471,0.04186467943623471
Force_Z_wp_daa_mean,0.0382520480871163,-0.0382520480871163,0.04183933994463705,-0.04183933994463705
Vibration_Y_wp_dda_mean,0.04169973997195946,-0.04169973997195946,0.0273774010128118,-0.0273774010128118
Vibration_Z_wp_dad_mean,0.041224817916968824,0.041224817916968824,0.007328488115394509,0.007328488115394509
Vibration_X_std,0.02990911129323249,-0.02990911129323249,0.0408880356277394,-0.0408880356277394
Vibration_Y_std,0.029752845691580238,0.029752845691580238,0.04030697056226318,0.04030697056226318
Vibration_Y_rms,0.029752845691580238,0.029752845691580238,0.04030697056226318,0.04030697056226318
Force_X_rms,0.037310230005903736,0.037310230005903736,0.03600998759286319,0.03600998759286319
Force_Y_std,0.036656602700426644,-0.036656602700426644,0.029212576190004235,-0.029212576190004235
Vibration_X_wp_ada_mean,0.03418090882327686,0.03418090882327686,0.0067894480214080325,0.0067894480214080325
Vibration_Y_mean,0.03322658512120584,0.03322658512120584,0.016449169363786795,0.016449169363786795
AE_RMS_wp_aaa_std,0.03259951244146269,-0.03259951244146269,0.033090688504701246,0.033090688504701246
Vibration_Z_wp_aad_mean,0.013560177665459205,0.013560177665459205,0.03261576500309065,-0.03261576500309065
Vibration_Z_wp_ada_mean,0.0068760747922860695,0.0068760747922860695,0.03163098021599998,-0.03163098021599998
Force_Y_wp_dda_mean,0.030882475315184864,0.030882475315184864,0.015553456728978784,0.015553456728978784
Force_Z_wp_ada_mean,0.022880231984799153,0.022880231984799153,0.02976660792511797,0.02976660792511797
AE_RMS_wp_aad_mean,0.006765160763390976,0.006765160763390976,0.029089352422417006,0.029089352422417006
Vibration_Z_wp_aaa_mean,0.01651973464832494,0.01651973464832494,0.028337230239995705,0.028337230239995705
Vibration_X_wp_ddd_mean,0.020316845263688894,0.020316845263688894,0.0283111228850163,-0.0283111228850163
Force_Z_var,0.007677698913537662,-0.007677698913537662,0.02811636656030618,-0.02811636656030618
Vibration_Z_wp_dda_mean,0.016890380987910777,0.016890380987910777,0.027226515858298495,-0.027226515858298495
Vibration_Z_wp_daa_mean,0.026752184195863393,-0.026752184195863393,0.015535795871198597,-0.015535795871198597
Force_X_wp_ddd_mean,0.0038578334163142172,0.0038578334163142172,0.026660600545950867,-0.026660600545950867
AE_RMS_var,0.025983669315059986,0.025983669315059986,0.008536018765095287,0.008536018765095287
Force_X_mean,0.005472585367913653,-0.005472585367913653,0.024093249329079372,0.024093249329079372
Force_Y_wp_daa_mean,0.005689934309585453,-0.005689934309585453,0.02386557783639135,-0.02386557783639135
Vibration_Y_wp_aad_mean,0.023288227521544545,0.023288227521544545,0.003107543105930593,0.003107543105930593
Vibration_Y_wp_ddd_mean,0.014930829634579881,-0.014930829634579881,0.023277010554282183,-0.023277010554282183
Vibration_Y_wp_ada_mean,0.02061416505298494,-0.02061416505298494,0.008247236651654938,-0.008247236651654938
Force_Z_std,0.014719624808712112,0.014719624808712112,0.01869081348387057,-0.01869081348387057
Force_Z_wp_dda_mean,0.0005558222334310584,0.0005558222334310584,0.01846865005778172,0.01846865005778172
AE_RMS_wp_ada_mean,0.017932862917865038,-0.017932862917865038,0.009259280588797643,-0.009259280588797643
Force_Y_rms,0.017534753321672748,-0.017534753321672748,0.001887018966554966,0.001887018966554966
Force_X_wp_add_mean,0.017161544550060914,0.017161544550060914,0.007120397138941041,0.007120397138941041
Force_Y_var,0.004931409298374788,-0.004931409298374788,0.016561851767998903,-0.016561851767998903
Vibration_X_mean,0.015944487615841656,0.015944487615841656,0.015752353000302994,-0.015752353000302994
AE_RMS_wp_dda_mean,0.009572653385844638,0.009572653385844638,0.015204462821974716,0.015204462821974716
Vibration_Y_wp_aaa_mean,0.013987751942829798,-0.013987751942829798,0.007600311752532989,-0.007600311752532989
Force_Y_wp_dad_mean,0.012120886816592083,0.012120886816592083,0.0048736288839489675,-0.0048736288839489675
Vibration_X_var,0.005199163587140308,-0.005199163587140308,0.005415913336423436,-0.005415913336423436
Force_Z_wp_add_mean,0.0016893807733549086,-0.0016893807733549086,0.0023354564755838645,-0.0023354564755838645
