combo_id,r2,rmse,mae,hidden_layers,learning_rate,batch_size,dropout_rate,activation,optimizer,epochs_trained
0,0.8408563381224239,10.893183855873128,8.734736066809404,"[64, 32]",0.001,16,0.1,relu,adam,34
1,0.6830150965575905,15.3737370929789,13.70226935108055,"[64, 32]",0.001,16,0.1,relu,rmsprop,36
2,0.8433193279394778,10.808560881511568,7.2444842617899115,"[64, 32]",0.001,16,0.1,tanh,adam,77
3,0.7376305983035102,13.986748081042906,11.637760417432474,"[64, 32]",0.001,16,0.1,tanh,rmsprop,35
4,0.7106590942379007,14.688081668435638,10.816413116771935,"[64, 32]",0.001,16,0.2,relu,adam,65
5,0.7940789811453326,12.391118191505385,10.418938825443053,"[64, 32]",0.001,16,0.2,relu,rmsprop,40
6,0.8104218066459558,11.889247020405307,9.939531083641919,"[64, 32]",0.001,16,0.2,tanh,adam,77
7,0.8333597208214314,11.146798553193177,8.763831510163774,"[64, 32]",0.001,16,0.2,tanh,rmsprop,87
8,0.8300459405337616,11.257084640949863,8.536361481542764,"[64, 32]",0.001,16,0.3,relu,adam,37
9,0.845124446176371,10.746117786399589,8.758703945419947,"[64, 32]",0.001,16,0.3,relu,rmsprop,50
10,0.84272029107904,10.82920334299703,9.898182284377999,"[64, 32]",0.001,16,0.3,tanh,adam,53
11,0.860148281721089,10.211606324344721,8.230710153557073,"[64, 32]",0.001,16,0.3,tanh,rmsprop,37
12,0.9055931496731634,8.38999910687784,5.9778340842934155,"[64, 32]",0.001,32,0.1,relu,adam,39
13,0.6208564334060989,16.8136501221443,13.760262324807604,"[64, 32]",0.001,32,0.1,relu,rmsprop,41
14,0.7269007267791701,14.269883662837493,12.738595335817811,"[64, 32]",0.001,32,0.1,tanh,adam,67
15,0.7501895572167235,13.6478881579116,9.468363180909968,"[64, 32]",0.001,32,0.1,tanh,rmsprop,32
16,0.689742028304626,15.209734558565389,11.999655224063604,"[64, 32]",0.001,32,0.2,relu,adam,40
17,0.7002060321103014,14.951046954219896,11.491360313292152,"[64, 32]",0.001,32,0.2,relu,rmsprop,49
18,0.5801949047419683,17.692288516089754,15.806406354594595,"[64, 32]",0.001,32,0.2,tanh,adam,39
19,0.705110372165779,14.82825032348258,13.435349355373523,"[64, 32]",0.001,32,0.2,tanh,rmsprop,32
20,0.8382270591486435,10.982800645498376,7.9624323988107895,"[64, 32]",0.001,32,0.3,relu,adam,44
21,0.833017541211721,11.158237117683964,8.154974680287227,"[64, 32]",0.001,32,0.3,relu,rmsprop,131
22,0.9162606093239188,7.901782266251458,6.125211814421932,"[64, 32]",0.001,32,0.3,tanh,adam,57
23,0.7846835978656765,12.67064483080943,10.710173319921335,"[64, 32]",0.001,32,0.3,tanh,rmsprop,36
24,0.5960548299504167,17.354870210602197,13.218062309419777,"[64, 32]",0.001,64,0.1,relu,adam,34
25,0.8145641822269648,11.758636694717433,9.607587888495159,"[64, 32]",0.001,64,0.1,relu,rmsprop,55
26,0.7137441621387275,14.609566731730697,13.590547936584224,"[64, 32]",0.001,64,0.1,tanh,adam,61
27,0.8797239923944596,9.469993092514814,7.787109352857976,"[64, 32]",0.001,64,0.1,tanh,rmsprop,103
28,0.7991195273851889,12.238523357049285,8.570724811311264,"[64, 32]",0.001,64,0.2,relu,adam,43
29,0.5022872140060053,19.264137044206848,17.163158532153552,"[64, 32]",0.001,64,0.2,relu,rmsprop,34
30,0.6532280282488114,16.079855964220958,14.769331934738185,"[64, 32]",0.001,64,0.2,tanh,adam,37
31,0.8835415470247265,9.318492685059088,7.351664607427884,"[64, 32]",0.001,64,0.2,tanh,rmsprop,33
32,0.7978064755941978,12.278456657337728,9.281523481319233,"[64, 32]",0.001,64,0.3,relu,adam,68
33,0.8332545151296098,11.150316675057658,7.5271574479131695,"[64, 32]",0.001,64,0.3,relu,rmsprop,41
34,0.513835616080203,19.039333012102446,17.66456096080341,"[64, 32]",0.001,64,0.3,tanh,adam,31
35,0.8535393548515962,10.450104460102173,7.859338220646285,"[64, 32]",0.001,64,0.3,tanh,rmsprop,47
36,0.5863819176924677,17.56143168699628,14.711050069770781,"[64, 32]",0.0005,16,0.1,relu,adam,41
37,0.8181036484273948,11.645875805881957,9.193667261814369,"[64, 32]",0.0005,16,0.1,relu,rmsprop,39
38,0.7612540660946018,13.342221681805999,10.565817809442155,"[64, 32]",0.0005,16,0.1,tanh,adam,51
39,0.8157333742342049,11.721508367520354,9.72376401659054,"[64, 32]",0.0005,16,0.1,tanh,rmsprop,43
40,0.7942133317162458,12.387075317596583,9.507440006925673,"[64, 32]",0.0005,16,0.2,relu,adam,136
41,0.8281243506506458,11.320545022515978,9.837379642566296,"[64, 32]",0.0005,16,0.2,relu,rmsprop,39
42,0.7861070724375401,12.628692036156094,10.688108010970904,"[64, 32]",0.0005,16,0.2,tanh,adam,47
43,0.5169080397593473,18.979076014936417,17.1071186697337,"[64, 32]",0.0005,16,0.2,tanh,rmsprop,32
44,0.7878987112983729,12.575689732592362,10.059397790117272,"[64, 32]",0.0005,16,0.3,relu,adam,45
45,0.5887588086395108,17.510899867160383,15.921056687961896,"[64, 32]",0.0005,16,0.3,relu,rmsprop,60
46,0.8703479500824843,9.83218075813177,7.467383088336886,"[64, 32]",0.0005,16,0.3,tanh,adam,69
47,0.8620513315757758,10.141890486212244,7.878134278273654,"[64, 32]",0.0005,16,0.3,tanh,rmsprop,115
48,0.39747038662685685,21.195777827227126,18.996144699927168,"[64, 32]",0.0005,32,0.1,relu,adam,55
49,0.44740364625799656,20.29851036474443,18.883113809297846,"[64, 32]",0.0005,32,0.1,relu,rmsprop,41
50,0.6423463115554906,16.330200403423177,14.891133998622458,"[64, 32]",0.0005,32,0.1,tanh,adam,31
51,0.8226563114583655,11.49921062556941,8.0521044047118,"[64, 32]",0.0005,32,0.1,tanh,rmsprop,45
52,0.8554688254688636,10.381041477773001,7.814088938906718,"[64, 32]",0.0005,32,0.2,relu,adam,64
53,0.810223651908718,11.895458956694114,9.5910671481068,"[64, 32]",0.0005,32,0.2,relu,rmsprop,34
54,0.7860906125722712,12.62917793948383,10.849380943528592,"[64, 32]",0.0005,32,0.2,tanh,adam,49
55,0.7655164176469992,13.222585396126311,10.680103253877368,"[64, 32]",0.0005,32,0.2,tanh,rmsprop,66
56,0.855901731692269,10.365482939293795,7.227503159011385,"[64, 32]",0.0005,32,0.3,relu,adam,32
57,0.9157623306895233,7.925256580697058,5.910733716860752,"[64, 32]",0.0005,32,0.3,relu,rmsprop,96
58,0.7632204536262724,13.287162683479464,11.253197082459222,"[64, 32]",0.0005,32,0.3,tanh,adam,52
59,0.8661617814215058,9.989649115916507,8.024342347624046,"[64, 32]",0.0005,32,0.3,tanh,rmsprop,58
60,0.7292213405131909,14.209126387466199,12.26919844832919,"[64, 32]",0.0005,64,0.1,relu,adam,131
61,0.7150350037185145,14.576589335204112,12.98472959691214,"[64, 32]",0.0005,64,0.1,relu,rmsprop,44
62,0.8246241521528495,11.43523389650737,10.23551654695686,"[64, 32]",0.0005,64,0.1,tanh,adam,113
63,0.7558902520718842,13.491266506296759,11.292450015097316,"[64, 32]",0.0005,64,0.1,tanh,rmsprop,92
64,0.5904394784174913,17.475081263322384,15.563966568083027,"[64, 32]",0.0005,64,0.2,relu,adam,35
65,0.756812314575067,13.465762485366316,9.747914437474854,"[64, 32]",0.0005,64,0.2,relu,rmsprop,73
66,0.7099411807844562,14.706292433658128,13.240960433705109,"[64, 32]",0.0005,64,0.2,tanh,adam,123
67,0.8357722173028401,11.065816774109953,7.897230895647295,"[64, 32]",0.0005,64,0.2,tanh,rmsprop,51
68,0.7257211211667605,14.300668617280305,11.632082935358172,"[64, 32]",0.0005,64,0.3,relu,adam,72
69,0.8339094147040412,11.128398474928007,8.155634556064715,"[64, 32]",0.0005,64,0.3,relu,rmsprop,39
70,0.7440550563954011,13.814444862777917,12.26004593862083,"[64, 32]",0.0005,64,0.3,tanh,adam,147
71,0.8664843425730018,9.977603914683971,7.020671169486123,"[64, 32]",0.0005,64,0.3,tanh,rmsprop,52
72,0.8824855289853437,9.36064629806661,7.398369499768981,"[64, 32]",0.0001,16,0.1,relu,adam,145
73,0.8490485299953061,10.609107098515809,6.2351190158419065,"[64, 32]",0.0001,16,0.1,relu,rmsprop,97
74,0.6561691063524646,16.011521700892494,13.930041687473295,"[64, 32]",0.0001,16,0.1,tanh,adam,101
75,0.7065565576764807,14.7918455891454,12.802522341926101,"[64, 32]",0.0001,16,0.1,tanh,rmsprop,123
76,0.913691207447678,8.022092784163874,6.306881122725727,"[64, 32]",0.0001,16,0.2,relu,adam,102
77,0.8890450010393518,9.095647000006663,7.19420262840148,"[64, 32]",0.0001,16,0.2,relu,rmsprop,55
78,0.763365362141276,13.283096205353896,10.344597502628952,"[64, 32]",0.0001,16,0.2,tanh,adam,97
79,0.828228435469832,11.317116743614534,8.344831293448156,"[64, 32]",0.0001,16,0.2,tanh,rmsprop,93
80,0.6838026143768727,15.354627947947938,13.572913910288445,"[64, 32]",0.0001,16,0.3,relu,adam,113
81,0.8002803634752966,12.20311049819809,10.052974616462402,"[64, 32]",0.0001,16,0.3,relu,rmsprop,105
82,0.8588372441211605,10.2593589379528,7.441218640097941,"[64, 32]",0.0001,16,0.3,tanh,adam,104
83,0.6810163699536624,15.422129951669946,14.096514518652977,"[64, 32]",0.0001,16,0.3,tanh,rmsprop,87
84,0.8602350348791771,10.208438588776145,7.989415276091474,"[64, 32]",0.0001,32,0.1,relu,adam,92
85,0.6709134000983965,15.664453923092788,11.68239533095113,"[64, 32]",0.0001,32,0.1,relu,rmsprop,59
86,0.8401456206639156,10.917480618324946,7.5509105027358325,"[64, 32]",0.0001,32,0.1,tanh,adam,89
87,0.7500860470521081,13.650715399289473,11.39648089840342,"[64, 32]",0.0001,32,0.1,tanh,rmsprop,95
88,0.9008859708337965,8.596619923005251,6.112461855877799,"[64, 32]",0.0001,32,0.2,relu,adam,44
89,0.6493916994952167,16.168556816613247,13.763765241771344,"[64, 32]",0.0001,32,0.2,relu,rmsprop,114
90,0.7650127111703919,13.236779841714872,11.815789164482727,"[64, 32]",0.0001,32,0.2,tanh,adam,175
91,0.6778233073683655,15.499126387203518,13.712102943242854,"[64, 32]",0.0001,32,0.2,tanh,rmsprop,79
92,0.6942236336784254,15.099484408935837,11.561513039442957,"[64, 32]",0.0001,32,0.3,relu,adam,182
93,0.8445969722794797,10.76440175190284,9.234967765981382,"[64, 32]",0.0001,32,0.3,relu,rmsprop,42
94,0.7591451601905386,13.401019806817427,11.837001600733208,"[64, 32]",0.0001,32,0.3,tanh,adam,108
95,0.7017732285474008,14.911916864096565,13.43066276186145,"[64, 32]",0.0001,32,0.3,tanh,rmsprop,67
96,0.9323923229784195,7.099997033729862,5.100022845973004,"[64, 32]",0.0001,64,0.1,relu,adam,93
97,0.8313237792226266,11.214685303173328,8.824913537984258,"[64, 32]",0.0001,64,0.1,relu,rmsprop,105
98,0.5249451299791374,18.82053859280733,17.16095197632824,"[64, 32]",0.0001,64,0.1,tanh,adam,154
99,0.7046017370583703,14.84103293525052,12.56587273830621,"[64, 32]",0.0001,64,0.1,tanh,rmsprop,80
100,0.6749115818498306,15.569006821382265,12.94284080988064,"[64, 32]",0.0001,64,0.2,relu,adam,57
101,0.832095115877894,11.189014198829033,7.96128909154291,"[64, 32]",0.0001,64,0.2,relu,rmsprop,113
102,0.25332239800254974,23.595366218073902,21.068199976723125,"[64, 32]",0.0001,64,0.2,tanh,adam,33
103,-0.31539603565633234,31.317596522460686,28.897491706801635,"[64, 32]",0.0001,64,0.2,tanh,rmsprop,31
104,0.8130719750011681,11.805852937052794,10.488218040253074,"[64, 32]",0.0001,64,0.3,relu,adam,80
105,0.7437487807134853,13.822707896726188,12.120804051389396,"[64, 32]",0.0001,64,0.3,relu,rmsprop,105
106,0.6616099267087217,15.884332432047671,14.591249060901331,"[64, 32]",0.0001,64,0.3,tanh,adam,249
107,0.868333500154114,9.908269384848843,7.5875462186601865,"[64, 32]",0.0001,64,0.3,tanh,rmsprop,111
108,0.7421585827146292,13.865530808364893,11.35691682098698,"[128, 64]",0.001,16,0.1,relu,adam,38
109,0.8323626003176487,11.180098198168753,9.164055433395735,"[128, 64]",0.001,16,0.1,relu,rmsprop,49
110,0.8210509130057435,11.551141495340724,8.497364433893031,"[128, 64]",0.001,16,0.1,tanh,adam,41
111,0.7387485490449157,13.956917644327323,12.218785906143765,"[128, 64]",0.001,16,0.1,tanh,rmsprop,58
112,0.6426011638892795,16.324381182943085,12.757191294745434,"[128, 64]",0.001,16,0.2,relu,adam,51
113,0.8659889318243754,9.996097758541463,8.395794417152374,"[128, 64]",0.001,16,0.2,relu,rmsprop,72
114,0.8075109066299965,11.980176702987178,9.638856091372183,"[128, 64]",0.001,16,0.2,tanh,adam,54
115,0.8383286577158937,10.979351329270282,8.246412920438225,"[128, 64]",0.001,16,0.2,tanh,rmsprop,45
116,0.8948915968694418,8.852763847665678,6.104426565618544,"[128, 64]",0.001,16,0.3,relu,adam,42
117,0.7613529456424382,13.339458473545264,11.946891655567002,"[128, 64]",0.001,16,0.3,relu,rmsprop,57
118,0.863614024808468,10.0842828138377,7.522258914346611,"[128, 64]",0.001,16,0.3,tanh,adam,72
119,0.7298147386092211,14.193548547939105,13.138972745123084,"[128, 64]",0.001,16,0.3,tanh,rmsprop,56
120,0.72674486671841,14.273955053563208,11.731851968374983,"[128, 64]",0.001,32,0.1,relu,adam,33
121,0.6264709438857461,16.68869414924838,13.880285241279191,"[128, 64]",0.001,32,0.1,relu,rmsprop,36
122,0.6843095015176068,15.342315725398326,13.06938238404116,"[128, 64]",0.001,32,0.1,tanh,adam,76
123,0.7656870891050371,13.217772417964465,11.832805805171127,"[128, 64]",0.001,32,0.1,tanh,rmsprop,50
124,0.7540757817078053,13.54131404154233,10.683303572956241,"[128, 64]",0.001,32,0.2,relu,adam,36
125,0.8698775963073666,9.849999283286587,6.919591579284451,"[128, 64]",0.001,32,0.2,relu,rmsprop,33
126,0.8051168751747868,12.054446605356272,9.7788160479588,"[128, 64]",0.001,32,0.2,tanh,adam,45
127,0.8474137248371345,10.666400734534959,8.664807520120632,"[128, 64]",0.001,32,0.2,tanh,rmsprop,51
128,0.7604706496412343,13.364094212127291,11.26493134302542,"[128, 64]",0.001,32,0.3,relu,adam,38
129,0.8226650689989828,11.498926696526814,8.940935268493233,"[128, 64]",0.001,32,0.3,relu,rmsprop,57
130,0.7712812311171712,13.059034302124145,11.544539000335863,"[128, 64]",0.001,32,0.3,tanh,adam,32
131,0.7904399550187717,12.500126319925796,10.88866294907882,"[128, 64]",0.001,32,0.3,tanh,rmsprop,63
132,0.7500294822299352,13.65226014417736,10.625958900958071,"[128, 64]",0.001,64,0.1,relu,adam,40
133,0.7072644239116979,14.77399381826571,12.761052073138101,"[128, 64]",0.001,64,0.1,relu,rmsprop,33
134,0.8829228530257006,9.34321248208324,6.863090120635843,"[128, 64]",0.001,64,0.1,tanh,adam,40
135,0.8817593612165424,9.389523299137247,7.258087470217393,"[128, 64]",0.001,64,0.1,tanh,rmsprop,34
136,0.8420884773900088,10.850932723666261,8.056789978851826,"[128, 64]",0.001,64,0.2,relu,adam,60
137,0.6023634698562134,17.218816507475303,12.746674684601913,"[128, 64]",0.001,64,0.2,relu,rmsprop,37
138,0.7695358133697869,13.10876819503371,12.0189607044034,"[128, 64]",0.001,64,0.2,tanh,adam,118
139,0.8545450312771619,10.414164680122159,8.486464582850942,"[128, 64]",0.001,64,0.2,tanh,rmsprop,67
140,0.7594822144636864,13.391639774559394,10.416305963449318,"[128, 64]",0.001,64,0.3,relu,adam,48
141,0.8390001931785158,10.956525094396442,8.148078687098417,"[128, 64]",0.001,64,0.3,relu,rmsprop,42
142,0.7799671214727245,12.808667456135627,11.052339958687856,"[128, 64]",0.001,64,0.3,tanh,adam,34
143,0.6799846131720997,15.447051357708721,14.232070533698895,"[128, 64]",0.001,64,0.3,tanh,rmsprop,50
144,0.7350493514613452,14.055382009639827,11.907381649837067,"[128, 64]",0.0005,16,0.1,relu,adam,32
145,0.8452537805328633,10.741629884742656,8.606520025053204,"[128, 64]",0.0005,16,0.1,relu,rmsprop,66
146,0.6373526873857915,16.44380780213419,14.21819770695637,"[128, 64]",0.0005,16,0.1,tanh,adam,45
147,0.72937695420617,14.205042881761363,10.13897101692111,"[128, 64]",0.0005,16,0.1,tanh,rmsprop,32
148,0.8327447473791053,11.16734782345985,8.070194075981437,"[128, 64]",0.0005,16,0.2,relu,adam,35
149,0.6374811844554911,16.440894271204204,14.285591278292058,"[128, 64]",0.0005,16,0.2,relu,rmsprop,39
150,0.7093306469091194,14.721761658098812,12.938587908170618,"[128, 64]",0.0005,16,0.2,tanh,adam,45
151,0.863110816938536,10.102869103188302,8.214403665893501,"[128, 64]",0.0005,16,0.2,tanh,rmsprop,33
152,0.8713928637224715,9.79248002191939,6.83017152793832,"[128, 64]",0.0005,16,0.3,relu,adam,79
153,0.8831653538086714,9.333531212650465,8.098816808750714,"[128, 64]",0.0005,16,0.3,relu,rmsprop,53
154,0.7722656902249563,13.030899424796676,10.821387390129471,"[128, 64]",0.0005,16,0.3,tanh,adam,82
155,0.855137210817088,10.39294386870348,6.984673682306029,"[128, 64]",0.0005,16,0.3,tanh,rmsprop,45
156,0.7337271189953887,14.090409955020641,10.595671875502834,"[128, 64]",0.0005,32,0.1,relu,adam,32
157,0.754761207226738,13.522430097226373,10.877619830307351,"[128, 64]",0.0005,32,0.1,relu,rmsprop,32
158,0.6871262648734957,15.273716093986202,13.54081311869335,"[128, 64]",0.0005,32,0.1,tanh,adam,127
159,0.8514018898866709,10.526083318413164,8.307314089464565,"[128, 64]",0.0005,32,0.1,tanh,rmsprop,42
160,0.7960262041250389,12.332392808011287,9.693581697432654,"[128, 64]",0.0005,32,0.2,relu,adam,85
161,0.7690635380157798,13.12219279648387,11.286757616517534,"[128, 64]",0.0005,32,0.2,relu,rmsprop,35
162,0.7912547399261814,12.475801946727083,10.428903024946267,"[128, 64]",0.0005,32,0.2,tanh,adam,48
163,0.830846486743262,11.230540839116458,9.410389575090294,"[128, 64]",0.0005,32,0.2,tanh,rmsprop,35
164,0.8982884407135675,8.708539307498175,5.954999590573069,"[128, 64]",0.0005,32,0.3,relu,adam,38
165,0.797167291242578,12.297848981191384,9.492278896396542,"[128, 64]",0.0005,32,0.3,relu,rmsprop,57
166,0.7420501740766359,13.868445362126296,11.140081344698702,"[128, 64]",0.0005,32,0.3,tanh,adam,65
167,0.7778611368872783,12.869818811880661,11.611654688664345,"[128, 64]",0.0005,32,0.3,tanh,rmsprop,33
168,0.7472758401096273,13.72724993530546,11.735586439737302,"[128, 64]",0.0005,64,0.1,relu,adam,72
169,0.7228857905057611,14.374394444350479,11.404641493436323,"[128, 64]",0.0005,64,0.1,relu,rmsprop,43
170,0.7444665016440939,13.803336665544832,10.486718733657103,"[128, 64]",0.0005,64,0.1,tanh,adam,34
171,0.8417811235049781,10.861487542687424,8.894852711121004,"[128, 64]",0.0005,64,0.1,tanh,rmsprop,59
172,0.6439205732168934,16.294220961562853,12.827892133809424,"[128, 64]",0.0005,64,0.2,relu,adam,54
173,0.8137451018112127,11.784577360086775,10.188994739211772,"[128, 64]",0.0005,64,0.2,relu,rmsprop,74
174,0.8062704884576766,12.018715419522477,9.95457885475764,"[128, 64]",0.0005,64,0.2,tanh,adam,37
175,0.8535937894085451,10.44816230126841,7.874099442175017,"[128, 64]",0.0005,64,0.2,tanh,rmsprop,34
176,0.8657568491414931,10.00474972164654,7.658697524297742,"[128, 64]",0.0005,64,0.3,relu,adam,44
177,0.8811519315699889,9.413610485292084,6.869784173449452,"[128, 64]",0.0005,64,0.3,relu,rmsprop,37
178,0.8015017703242396,12.16573855727514,10.307811969531025,"[128, 64]",0.0005,64,0.3,tanh,adam,158
179,0.849827209979876,10.581708290820707,9.519431031458023,"[128, 64]",0.0005,64,0.3,tanh,rmsprop,41
180,0.7194281526097958,14.463793280613316,11.236108080887552,"[128, 64]",0.0001,16,0.1,relu,adam,38
181,0.6740676432789315,15.589202509997108,13.195137604563348,"[128, 64]",0.0001,16,0.1,relu,rmsprop,140
182,0.8289114953326643,11.294592734714351,7.905510880407587,"[128, 64]",0.0001,16,0.1,tanh,adam,67
183,0.7392904163538949,13.94243595821484,10.973288294662344,"[128, 64]",0.0001,16,0.1,tanh,rmsprop,48
184,0.8080700722717173,11.96276331321504,8.918848046777732,"[128, 64]",0.0001,16,0.2,relu,adam,38
185,0.8948204933783396,8.855757690110224,6.015415780542976,"[128, 64]",0.0001,16,0.2,relu,rmsprop,54
186,0.7978333236981313,12.277641437796547,10.069927273864442,"[128, 64]",0.0001,16,0.2,tanh,adam,92
187,0.8367871094191316,11.031571610095014,8.46995104991904,"[128, 64]",0.0001,16,0.2,tanh,rmsprop,37
188,0.7361773413174189,14.025430698286268,12.717631769566099,"[128, 64]",0.0001,16,0.3,relu,adam,102
189,0.7658236930078962,13.21391889035831,9.404633601974055,"[128, 64]",0.0001,16,0.3,relu,rmsprop,32
190,0.778122611805989,12.862242187014495,10.799880028592307,"[128, 64]",0.0001,16,0.3,tanh,adam,103
191,0.7405469014300978,13.908797721834826,11.874293770456424,"[128, 64]",0.0001,16,0.3,tanh,rmsprop,68
192,0.5478076775200922,18.3620748126484,16.318710242321416,"[128, 64]",0.0001,32,0.1,relu,adam,42
193,0.9203015535315608,7.708770001284027,5.657504147106622,"[128, 64]",0.0001,32,0.1,relu,rmsprop,48
194,0.6627571092323097,15.857384687243902,13.364332453413262,"[128, 64]",0.0001,32,0.1,tanh,adam,68
195,0.7483746220252647,13.697376091259724,12.645657564512705,"[128, 64]",0.0001,32,0.1,tanh,rmsprop,39
196,0.8100143899173635,11.902015573517149,9.894234946754741,"[128, 64]",0.0001,32,0.2,relu,adam,80
197,0.6821546295096625,15.39458923580579,14.234225018516309,"[128, 64]",0.0001,32,0.2,relu,rmsprop,62
198,0.5472713325554099,18.37296120690062,17.126921321995056,"[128, 64]",0.0001,32,0.2,tanh,adam,98
199,0.7560348090980893,13.487271282439359,11.597896502504929,"[128, 64]",0.0001,32,0.2,tanh,rmsprop,70
200,0.7317118520674744,14.14363056707114,10.910145042396069,"[128, 64]",0.0001,32,0.3,relu,adam,75
201,0.8741046263005314,9.688689677207732,7.746392350965768,"[128, 64]",0.0001,32,0.3,relu,rmsprop,66
202,0.7033765921167843,14.871777196652648,12.946795622710514,"[128, 64]",0.0001,32,0.3,tanh,adam,87
203,0.8230901843355838,11.485135552170881,8.545069645673061,"[128, 64]",0.0001,32,0.3,tanh,rmsprop,86
204,0.7051898896501403,14.826250957364643,12.761408275226492,"[128, 64]",0.0001,64,0.1,relu,adam,33
205,0.6959814010944482,15.056021868671783,9.949913508167295,"[128, 64]",0.0001,64,0.1,relu,rmsprop,58
206,0.39945642016988125,21.160816664757743,19.71776686277339,"[128, 64]",0.0001,64,0.1,tanh,adam,33
207,0.6127812920002191,16.99175846678976,15.54051542378661,"[128, 64]",0.0001,64,0.1,tanh,rmsprop,70
208,0.8338342152588191,11.130917445790043,8.627904126494668,"[128, 64]",0.0001,64,0.2,relu,adam,167
209,0.6758924645332998,15.545501053033869,11.695109464055701,"[128, 64]",0.0001,64,0.2,relu,rmsprop,37
210,0.8588233646203365,10.25986328940145,7.204225022007152,"[128, 64]",0.0001,64,0.2,tanh,adam,77
211,0.6255491021116173,16.70927468377175,15.125937308716793,"[128, 64]",0.0001,64,0.2,tanh,rmsprop,57
212,0.8648762596430599,10.03750996638336,7.9740096510953355,"[128, 64]",0.0001,64,0.3,relu,adam,119
213,0.46571045349991347,19.95944674312549,18.904561013796513,"[128, 64]",0.0001,64,0.3,relu,rmsprop,32
214,0.7755880638383786,12.935497508587915,9.790002232869973,"[128, 64]",0.0001,64,0.3,tanh,adam,89
215,0.7475400594359705,13.720072241604365,12.466970450297461,"[128, 64]",0.0001,64,0.3,tanh,rmsprop,59
216,0.8780041217480838,9.537460212673004,7.387776421665462,"[256, 128, 64]",0.001,16,0.1,relu,adam,54
217,0.8034989549378282,12.104381204670737,9.948358483865187,"[256, 128, 64]",0.001,16,0.1,relu,rmsprop,33
218,0.8051887810344363,12.052222540764864,8.728680259774665,"[256, 128, 64]",0.001,16,0.1,tanh,adam,48
219,0.8410634257874008,10.886094103377276,9.05749772765422,"[256, 128, 64]",0.001,16,0.1,tanh,rmsprop,114
220,0.6447665812508359,16.27485275533696,13.834996838912218,"[256, 128, 64]",0.001,16,0.2,relu,adam,47
221,0.8104444139733523,11.88853809890758,10.308394065885388,"[256, 128, 64]",0.001,16,0.2,relu,rmsprop,36
222,0.8326036765546477,11.17205635993694,8.159268001856772,"[256, 128, 64]",0.001,16,0.2,tanh,adam,62
223,0.8365461467427135,11.039711949419798,9.145157641082008,"[256, 128, 64]",0.001,16,0.2,tanh,rmsprop,80
224,0.8697087369893036,9.856388363344093,7.4355298218540735,"[256, 128, 64]",0.001,16,0.3,relu,adam,72
225,0.7675876610801704,13.164056904023631,10.503451094923028,"[256, 128, 64]",0.001,16,0.3,relu,rmsprop,55
226,0.8137868797252876,11.783255615862723,10.266296571782668,"[256, 128, 64]",0.001,16,0.3,tanh,adam,56
227,0.804264940877361,12.080765963567943,10.69818749974486,"[256, 128, 64]",0.001,16,0.3,tanh,rmsprop,56
228,0.7906804980242101,12.49295013972547,9.410187134030775,"[256, 128, 64]",0.001,32,0.1,relu,adam,41
229,0.7868413675121904,12.60699623050928,10.58736110367233,"[256, 128, 64]",0.001,32,0.1,relu,rmsprop,35
230,0.7821423990124067,12.7451960051936,9.348602768462559,"[256, 128, 64]",0.001,32,0.1,tanh,adam,32
231,0.886298925751363,9.2075151953856,6.963180223755428,"[256, 128, 64]",0.001,32,0.1,tanh,rmsprop,44
232,0.7567467669001974,13.46757711251619,10.336661328812301,"[256, 128, 64]",0.001,32,0.2,relu,adam,36
233,0.8636558925247357,10.082734860325083,7.684752449965778,"[256, 128, 64]",0.001,32,0.2,relu,rmsprop,51
234,0.7636432351208186,13.275294943138213,12.028753753548374,"[256, 128, 64]",0.001,32,0.2,tanh,adam,34
235,0.9211778466257611,7.666273482312521,6.016977395866643,"[256, 128, 64]",0.001,32,0.2,tanh,rmsprop,49
236,0.7737009877304906,12.989770839497256,10.332108994829202,"[256, 128, 64]",0.001,32,0.3,relu,adam,61
237,0.8070049390569746,11.995911627902323,9.445020685656125,"[256, 128, 64]",0.001,32,0.3,relu,rmsprop,44
238,0.8629407907861008,10.109141399004812,7.676121222933479,"[256, 128, 64]",0.001,32,0.3,tanh,adam,38
239,0.877005577518093,9.57641303458962,7.488391585107861,"[256, 128, 64]",0.001,32,0.3,tanh,rmsprop,90
240,0.7519932375704179,13.59852868666344,10.384003008898837,"[256, 128, 64]",0.001,64,0.1,relu,adam,42
241,0.8253468217628297,11.411649044468795,8.924652006389948,"[256, 128, 64]",0.001,64,0.1,relu,rmsprop,42
242,0.7904484382045995,12.499873308986539,11.355028474459141,"[256, 128, 64]",0.001,64,0.1,tanh,adam,32
243,0.9289308048842458,7.279488407392882,5.372665147746733,"[256, 128, 64]",0.001,64,0.1,tanh,rmsprop,68
244,0.7008943676171883,14.933873075358699,13.007894819480148,"[256, 128, 64]",0.001,64,0.2,relu,adam,44
245,0.8645914454728645,10.04808294264276,7.1784635077253025,"[256, 128, 64]",0.001,64,0.2,relu,rmsprop,38
246,0.828814329453131,11.297799534801563,9.826429839266547,"[256, 128, 64]",0.001,64,0.2,tanh,adam,36
247,0.8664341034501575,9.979480918974444,7.447450862921121,"[256, 128, 64]",0.001,64,0.2,tanh,rmsprop,109
248,0.7839052855645158,12.693524701611421,11.62440322493965,"[256, 128, 64]",0.001,64,0.3,relu,adam,54
249,0.9089791695373896,8.23816634746582,5.909564080827214,"[256, 128, 64]",0.001,64,0.3,relu,rmsprop,37
250,0.8452253228680581,10.742617526480956,8.581049014163952,"[256, 128, 64]",0.001,64,0.3,tanh,adam,42
251,0.8228799798626399,11.491956852999312,9.994231694157333,"[256, 128, 64]",0.001,64,0.3,tanh,rmsprop,76
252,0.7143373696108862,14.594421191348653,12.949113301996768,"[256, 128, 64]",0.0005,16,0.1,relu,adam,52
253,0.9047507478414962,8.427348377517351,6.354539627058711,"[256, 128, 64]",0.0005,16,0.1,relu,rmsprop,41
254,0.8173964572201547,11.668492728686982,8.998071506539073,"[256, 128, 64]",0.0005,16,0.1,tanh,adam,33
255,0.8373164205749954,11.013668992923314,8.518510685113647,"[256, 128, 64]",0.0005,16,0.1,tanh,rmsprop,37
256,0.8364417684433874,11.043236254397158,8.042409872286209,"[256, 128, 64]",0.0005,16,0.2,relu,adam,34
257,0.835115202229708,11.087929815058834,8.678846798212163,"[256, 128, 64]",0.0005,16,0.2,relu,rmsprop,36
258,0.8319325982817569,11.194427894494403,9.603609835330905,"[256, 128, 64]",0.0005,16,0.2,tanh,adam,35
259,0.6827224550980413,15.380831997059056,13.628542297589746,"[256, 128, 64]",0.0005,16,0.2,tanh,rmsprop,73
260,0.759857660673761,13.381183574769999,11.487469574492247,"[256, 128, 64]",0.0005,16,0.3,relu,adam,82
261,0.8728258484014247,9.737771620033975,7.238912795054109,"[256, 128, 64]",0.0005,16,0.3,relu,rmsprop,44
262,0.6078973899023479,17.098579301156448,15.598136964506107,"[256, 128, 64]",0.0005,16,0.3,tanh,adam,46
263,0.7655235717623755,13.222383683447555,11.357450854593287,"[256, 128, 64]",0.0005,16,0.3,tanh,rmsprop,68
264,0.7089849173176376,14.73051427687307,12.665536395549356,"[256, 128, 64]",0.0005,32,0.1,relu,adam,44
265,0.832222508148872,11.184768746391857,8.585954604741492,"[256, 128, 64]",0.0005,32,0.1,relu,rmsprop,32
266,0.7354011403254266,14.04604787653604,12.186197893059418,"[256, 128, 64]",0.0005,32,0.1,tanh,adam,45
267,0.8618203809093418,10.150376602338458,7.8687753893421375,"[256, 128, 64]",0.0005,32,0.1,tanh,rmsprop,32
268,0.8241520892797168,11.450613784151313,9.32187207477556,"[256, 128, 64]",0.0005,32,0.2,relu,adam,53
269,0.7988566717144375,12.246527902110467,10.140146718890415,"[256, 128, 64]",0.0005,32,0.2,relu,rmsprop,38
270,0.7704017899849402,13.084116706382634,11.507545040470818,"[256, 128, 64]",0.0005,32,0.2,tanh,adam,44
271,0.8419460804467972,10.855824043341045,9.069805962456652,"[256, 128, 64]",0.0005,32,0.2,tanh,rmsprop,34
272,0.7757880572227742,12.929732239132516,10.67040630318304,"[256, 128, 64]",0.0005,32,0.3,relu,adam,34
273,0.8844213002267601,9.283228972310356,7.593734374885245,"[256, 128, 64]",0.0005,32,0.3,relu,rmsprop,75
274,0.7316437908238292,14.145424481653862,12.752961802141598,"[256, 128, 64]",0.0005,32,0.3,tanh,adam,33
275,0.8769030792506165,9.58040248919808,7.342677178912695,"[256, 128, 64]",0.0005,32,0.3,tanh,rmsprop,35
276,0.6972382279381364,15.024868495185558,12.42469719099115,"[256, 128, 64]",0.0005,64,0.1,relu,adam,49
277,0.8428666057101428,10.824165059367791,9.0534976369928,"[256, 128, 64]",0.0005,64,0.1,relu,rmsprop,35
278,0.7168470454744285,14.53017045494708,12.299321274031405,"[256, 128, 64]",0.0005,64,0.1,tanh,adam,41
279,0.722755815877173,14.377765053821056,13.147874996713798,"[256, 128, 64]",0.0005,64,0.1,tanh,rmsprop,33
280,0.6312407128341261,16.581798894722336,13.856752983821911,"[256, 128, 64]",0.0005,64,0.2,relu,adam,35
281,0.8282221132535632,11.317325010336212,9.621194550265942,"[256, 128, 64]",0.0005,64,0.2,relu,rmsprop,37
282,0.7616893979893765,13.330051956664363,12.0109185084667,"[256, 128, 64]",0.0005,64,0.2,tanh,adam,34
283,0.7879397157091104,12.574474078328645,10.728052748259953,"[256, 128, 64]",0.0005,64,0.2,tanh,rmsprop,88
284,0.832742741619154,11.167414783843828,9.546017468278013,"[256, 128, 64]",0.0005,64,0.3,relu,adam,34
285,0.7973513464982448,12.292268033546911,9.77524595008638,"[256, 128, 64]",0.0005,64,0.3,relu,rmsprop,39
286,0.7792997550756385,12.828077288151674,11.653566776700883,"[256, 128, 64]",0.0005,64,0.3,tanh,adam,136
287,0.8556652053315772,10.373986527630299,8.78245375309075,"[256, 128, 64]",0.0005,64,0.3,tanh,rmsprop,34
288,0.7093617662577494,14.720973573818036,11.988898019229831,"[256, 128, 64]",0.0001,16,0.1,relu,adam,32
289,0.7811853792783715,12.773159312372757,10.661053352952475,"[256, 128, 64]",0.0001,16,0.1,relu,rmsprop,54
290,0.6536261996292915,16.070621686497418,14.113661898115204,"[256, 128, 64]",0.0001,16,0.1,tanh,adam,51
291,0.7886384077561319,12.553741922528658,10.996705076598431,"[256, 128, 64]",0.0001,16,0.1,tanh,rmsprop,60
292,0.8289741331966034,11.29252499226212,9.277901764057898,"[256, 128, 64]",0.0001,16,0.2,relu,adam,84
293,0.7715718597589329,13.05073473001088,10.93739810598705,"[256, 128, 64]",0.0001,16,0.2,relu,rmsprop,105
294,0.7175790631999106,14.511376327204262,12.294313801430242,"[256, 128, 64]",0.0001,16,0.2,tanh,adam,73
295,0.6995561180528578,14.967244136435898,13.462972541275896,"[256, 128, 64]",0.0001,16,0.2,tanh,rmsprop,38
296,0.8354695052471215,11.07601058512199,8.907709157693875,"[256, 128, 64]",0.0001,16,0.3,relu,adam,84
297,0.8720097544878631,9.768965961220145,7.484659123345107,"[256, 128, 64]",0.0001,16,0.3,relu,rmsprop,38
298,0.6533271685745317,16.077557225792415,14.311794926276502,"[256, 128, 64]",0.0001,16,0.3,tanh,adam,49
299,0.7459927143051459,13.762053667783304,11.780967280455052,"[256, 128, 64]",0.0001,16,0.3,tanh,rmsprop,43
300,0.8735845364506103,9.708681657680675,8.161371930212633,"[256, 128, 64]",0.0001,32,0.1,relu,adam,96
301,0.7709084115479143,13.069673309057697,11.129185797035023,"[256, 128, 64]",0.0001,32,0.1,relu,rmsprop,39
302,0.7366776055318923,14.01212677961943,11.988136402832128,"[256, 128, 64]",0.0001,32,0.1,tanh,adam,39
303,0.802330901808127,12.140303689825945,8.693399968744352,"[256, 128, 64]",0.0001,32,0.1,tanh,rmsprop,40
304,0.8122985628883038,11.830251002895185,10.83492218368858,"[256, 128, 64]",0.0001,32,0.2,relu,adam,35
305,0.8235628680346008,11.46978177571937,9.583057328262626,"[256, 128, 64]",0.0001,32,0.2,relu,rmsprop,84
306,0.7906223839809441,12.49468424823795,9.191534022889345,"[256, 128, 64]",0.0001,32,0.2,tanh,adam,64
307,0.7317683764694044,14.142140560192013,12.253067809346872,"[256, 128, 64]",0.0001,32,0.2,tanh,rmsprop,62
308,0.8168019658094482,11.687471500465653,10.357707988922122,"[256, 128, 64]",0.0001,32,0.3,relu,adam,126
309,0.7094426501671605,14.718925025816098,13.003511175928455,"[256, 128, 64]",0.0001,32,0.3,relu,rmsprop,62
310,0.7670052507935204,13.180540721151626,11.713444175201072,"[256, 128, 64]",0.0001,32,0.3,tanh,adam,66
311,0.7627260919253145,13.301026295039605,11.373521847252475,"[256, 128, 64]",0.0001,32,0.3,tanh,rmsprop,65
312,0.7877876298898492,12.578982363405938,9.661602287847337,"[256, 128, 64]",0.0001,64,0.1,relu,adam,68
313,0.6861231034841095,15.298182417816552,13.83603560102531,"[256, 128, 64]",0.0001,64,0.1,relu,rmsprop,55
314,0.5917916371110716,17.446210538676485,15.87963689942373,"[256, 128, 64]",0.0001,64,0.1,tanh,adam,69
315,0.7343661541140146,14.073491830185253,12.104896678822097,"[256, 128, 64]",0.0001,64,0.1,tanh,rmsprop,60
316,0.853179394916573,10.462938318981548,7.01533421620595,"[256, 128, 64]",0.0001,64,0.2,relu,adam,56
317,0.7870831489823001,12.5998442730741,10.682771789129431,"[256, 128, 64]",0.0001,64,0.2,relu,rmsprop,39
318,0.8868440185741191,9.18541786576481,7.349424556877086,"[256, 128, 64]",0.0001,64,0.2,tanh,adam,54
319,0.8479488946815825,10.64767903082409,9.302220131542445,"[256, 128, 64]",0.0001,64,0.2,tanh,rmsprop,55
320,0.835766355527011,11.06601425823058,8.876940820225087,"[256, 128, 64]",0.0001,64,0.3,relu,adam,49
321,0.5484562351892421,18.348902167966465,17.293302321772764,"[256, 128, 64]",0.0001,64,0.3,relu,rmsprop,108
322,0.7084536182722061,14.74395471316345,13.046858845700136,"[256, 128, 64]",0.0001,64,0.3,tanh,adam,83
323,0.8067333351255589,12.00434964503784,10.604402105306024,"[256, 128, 64]",0.0001,64,0.3,tanh,rmsprop,112
324,0.7348113125786796,14.061694461244814,11.869008362089202,"[128, 64, 32]",0.001,16,0.1,relu,adam,73
325,0.8413720023251527,10.875521252842189,9.754908938583178,"[128, 64, 32]",0.001,16,0.1,relu,rmsprop,32
326,0.7114619586071594,14.667689236784282,12.468596868829282,"[128, 64, 32]",0.001,16,0.1,tanh,adam,34
327,0.7945927069968537,12.37565203622317,11.224998675282219,"[128, 64, 32]",0.001,16,0.1,tanh,rmsprop,78
328,0.9054244148369516,8.39749354777837,6.805140223763785,"[128, 64, 32]",0.001,16,0.2,relu,adam,49
329,0.8604700458251578,10.199852373484541,8.195071955160898,"[128, 64, 32]",0.001,16,0.2,relu,rmsprop,62
330,0.8719264521469537,9.772144505651468,7.086253662759532,"[128, 64, 32]",0.001,16,0.2,tanh,adam,86
331,0.842907751259057,10.822747806931917,8.706835036691908,"[128, 64, 32]",0.001,16,0.2,tanh,rmsprop,63
332,0.7226091230123537,14.38156826548625,12.449553029642052,"[128, 64, 32]",0.001,16,0.3,relu,adam,62
333,0.8590164385852375,10.252845165546903,8.818654617366025,"[128, 64, 32]",0.001,16,0.3,relu,rmsprop,67
334,0.8318633548256641,11.19673369873058,9.09641032033208,"[128, 64, 32]",0.001,16,0.3,tanh,adam,66
335,0.5570777352540766,18.17288658585669,17.003766365520487,"[128, 64, 32]",0.001,16,0.3,tanh,rmsprop,38
336,0.7443273093744134,13.807095578176298,10.415850145303713,"[128, 64, 32]",0.001,32,0.1,relu,adam,50
337,0.8076859674493464,11.974727727742964,9.272208695073378,"[128, 64, 32]",0.001,32,0.1,relu,rmsprop,58
338,0.8398111562505468,10.928896010077112,8.986635351726166,"[128, 64, 32]",0.001,32,0.1,tanh,adam,41
339,0.8390331988468651,10.955401968920798,8.4992147448416,"[128, 64, 32]",0.001,32,0.1,tanh,rmsprop,32
340,0.8987099017670965,8.69047783921101,6.632834098526016,"[128, 64, 32]",0.001,32,0.2,relu,adam,36
341,0.7106198002108806,14.689078994207161,13.025102346938803,"[128, 64, 32]",0.001,32,0.2,relu,rmsprop,41
342,0.8640447927100521,10.068344881692429,8.578915623844841,"[128, 64, 32]",0.001,32,0.2,tanh,adam,64
343,0.8357557961433559,11.066369996582187,9.502645979439253,"[128, 64, 32]",0.001,32,0.2,tanh,rmsprop,40
344,0.910797889486903,8.155446164659335,5.086116901688391,"[128, 64, 32]",0.001,32,0.3,relu,adam,53
345,0.9080477815167485,8.280208375207154,6.736712487843183,"[128, 64, 32]",0.001,32,0.3,relu,rmsprop,54
346,0.725811766975797,14.298305324119978,13.179617896968486,"[128, 64, 32]",0.001,32,0.3,tanh,adam,101
347,0.8412282821858648,10.880446857332092,9.08397045046085,"[128, 64, 32]",0.001,32,0.3,tanh,rmsprop,70
348,0.7197088661913758,14.456555919987633,11.356156205029489,"[128, 64, 32]",0.001,64,0.1,relu,adam,62
349,0.8332627909180861,11.150039969492553,8.82363010332944,"[128, 64, 32]",0.001,64,0.1,relu,rmsprop,47
350,0.7494238884748312,13.668787537376316,12.5497939445223,"[128, 64, 32]",0.001,64,0.1,tanh,adam,50
351,0.8239437565315552,11.457394733922497,9.753701427911102,"[128, 64, 32]",0.001,64,0.1,tanh,rmsprop,62
352,0.8737517630833419,9.702258047097752,6.8344039847661,"[128, 64, 32]",0.001,64,0.2,relu,adam,34
353,0.74905144636808,13.678942020418996,11.341465691179176,"[128, 64, 32]",0.001,64,0.2,relu,rmsprop,50
354,0.6048401552598384,17.16510891200974,15.719682630062847,"[128, 64, 32]",0.001,64,0.2,tanh,adam,34
355,0.8242778244424869,11.4465193304939,10.103283008397277,"[128, 64, 32]",0.001,64,0.2,tanh,rmsprop,41
356,0.8852764680431613,9.24882186310341,7.104324478855473,"[128, 64, 32]",0.001,64,0.3,relu,adam,73
357,0.45683965676187055,20.124457755942462,16.86924744384175,"[128, 64, 32]",0.001,64,0.3,relu,rmsprop,33
358,0.8187849554638846,11.624045074379547,9.566134727581987,"[128, 64, 32]",0.001,64,0.3,tanh,adam,36
359,0.8617089066692509,10.154470105460517,8.606424647707467,"[128, 64, 32]",0.001,64,0.3,tanh,rmsprop,39
360,0.8324264276201674,11.17796960559674,8.56572285198984,"[128, 64, 32]",0.0005,16,0.1,relu,adam,32
361,0.8790189735914129,9.497707546946245,8.296190280289274,"[128, 64, 32]",0.0005,16,0.1,relu,rmsprop,61
362,0.8106191440996259,11.883057477808556,8.715156334781046,"[128, 64, 32]",0.0005,16,0.1,tanh,adam,118
363,0.7540666056878585,13.541566668570217,11.70387410635426,"[128, 64, 32]",0.0005,16,0.1,tanh,rmsprop,47
364,0.6570749005756555,15.990417273444491,14.891184195015947,"[128, 64, 32]",0.0005,16,0.2,relu,adam,109
365,0.8356665236794116,11.069377067417083,8.00288026387806,"[128, 64, 32]",0.0005,16,0.2,relu,rmsprop,54
366,0.7462815678081633,13.754226435223584,11.977987911939787,"[128, 64, 32]",0.0005,16,0.2,tanh,adam,94
367,0.8806681184897197,9.432751739557723,6.9905052473512175,"[128, 64, 32]",0.0005,16,0.2,tanh,rmsprop,48
368,0.7600188630845546,13.376691569779597,10.887479869387693,"[128, 64, 32]",0.0005,16,0.3,relu,adam,34
369,0.786116653684817,12.628409184409636,11.248093289816206,"[128, 64, 32]",0.0005,16,0.3,relu,rmsprop,121
370,0.8632559795716811,10.09751094393152,8.724284255716299,"[128, 64, 32]",0.0005,16,0.3,tanh,adam,90
371,0.8657294341251243,10.005771250021501,7.203861165122145,"[128, 64, 32]",0.0005,16,0.3,tanh,rmsprop,66
372,0.72141096077158,14.412594672949789,11.808728908165683,"[128, 64, 32]",0.0005,32,0.1,relu,adam,84
373,0.7775494805242409,12.878843696201406,10.239946689180716,"[128, 64, 32]",0.0005,32,0.1,relu,rmsprop,50
374,0.7307123600167318,14.16995171611908,12.61375377212569,"[128, 64, 32]",0.0005,32,0.1,tanh,adam,88
375,0.6025291639374142,17.215228616221093,15.610214479161813,"[128, 64, 32]",0.0005,32,0.1,tanh,rmsprop,47
376,0.8342707375182044,11.116287212040932,9.68791035383249,"[128, 64, 32]",0.0005,32,0.2,relu,adam,42
377,0.8371519169433685,11.01923602916057,9.52679490374025,"[128, 64, 32]",0.0005,32,0.2,relu,rmsprop,45
378,0.8667230505171671,9.968680621075249,7.898241893970129,"[128, 64, 32]",0.0005,32,0.2,tanh,adam,37
379,0.8289075004071015,11.294724598611149,8.421369090504912,"[128, 64, 32]",0.0005,32,0.2,tanh,rmsprop,36
380,0.7157580585468368,14.558084663345905,11.620363306553052,"[128, 64, 32]",0.0005,32,0.3,relu,adam,53
381,0.7683508340215472,13.142425709584952,11.89242116850257,"[128, 64, 32]",0.0005,32,0.3,relu,rmsprop,33
382,0.8708881325565253,9.811676973566142,7.039970631159177,"[128, 64, 32]",0.0005,32,0.3,tanh,adam,45
383,0.6592714081447473,15.93912400830883,14.977518332045962,"[128, 64, 32]",0.0005,32,0.3,tanh,rmsprop,33
384,0.631416417902578,16.57784800677437,14.722311812339854,"[128, 64, 32]",0.0005,64,0.1,relu,adam,42
385,0.8841673062028442,9.293423717080083,6.76589480464,"[128, 64, 32]",0.0005,64,0.1,relu,rmsprop,39
386,0.7624343827026218,13.309200055607178,12.27999285013081,"[128, 64, 32]",0.0005,64,0.1,tanh,adam,48
387,0.7339090715473711,14.08559492434884,10.994237692962619,"[128, 64, 32]",0.0005,64,0.1,tanh,rmsprop,36
388,0.8140304692770278,11.775546123555104,8.985450293477216,"[128, 64, 32]",0.0005,64,0.2,relu,adam,82
389,0.7477160381500936,13.715289578734858,10.749079627070355,"[128, 64, 32]",0.0005,64,0.2,relu,rmsprop,36
390,0.7145696768697045,14.588485729048083,12.40672910873006,"[128, 64, 32]",0.0005,64,0.2,tanh,adam,47
391,0.8133839501893232,11.795997081504696,10.332528354307936,"[128, 64, 32]",0.0005,64,0.2,tanh,rmsprop,75
392,0.8669858075204677,9.958849090018688,7.943488603362508,"[128, 64, 32]",0.0005,64,0.3,relu,adam,74
393,0.8574636970565181,10.309151105530614,8.927315960704414,"[128, 64, 32]",0.0005,64,0.3,relu,rmsprop,55
394,0.7483128701457473,13.699056738173262,12.605544984486103,"[128, 64, 32]",0.0005,64,0.3,tanh,adam,64
395,0.9027109525713254,8.517107638897714,6.280256825476163,"[128, 64, 32]",0.0005,64,0.3,tanh,rmsprop,36
396,0.3688616071552805,21.69314204989855,20.92950278753073,"[128, 64, 32]",0.0001,16,0.1,relu,adam,35
397,0.7160588535166386,14.55037968192963,10.961030914184938,"[128, 64, 32]",0.0001,16,0.1,relu,rmsprop,80
398,0.8150971753586829,11.741725769367251,9.020016362229256,"[128, 64, 32]",0.0001,16,0.1,tanh,adam,75
399,0.8275512756763335,11.33940203433868,8.613303303417512,"[128, 64, 32]",0.0001,16,0.1,tanh,rmsprop,59
400,0.9322451665597938,7.107719841702479,5.577916316434869,"[128, 64, 32]",0.0001,16,0.2,relu,adam,78
401,0.8221584513055057,11.515340284492256,9.354074614862313,"[128, 64, 32]",0.0001,16,0.2,relu,rmsprop,44
402,0.7393100745366882,13.941910300282261,11.8635788860118,"[128, 64, 32]",0.0001,16,0.2,tanh,adam,65
403,0.6448231924503531,16.27355589586701,13.94177201110703,"[128, 64, 32]",0.0001,16,0.2,tanh,rmsprop,78
404,0.7735697565500408,12.99353668867473,10.010618850225061,"[128, 64, 32]",0.0001,16,0.3,relu,adam,78
405,0.7898326972348824,12.518224492826606,10.767046156679232,"[128, 64, 32]",0.0001,16,0.3,relu,rmsprop,110
406,0.8091074921791125,11.930388934132644,9.133483041451566,"[128, 64, 32]",0.0001,16,0.3,tanh,adam,132
407,0.8526907407468909,10.480335439014674,7.24225320002329,"[128, 64, 32]",0.0001,16,0.3,tanh,rmsprop,58
408,0.8440333743152446,10.78390363794892,8.462849985660156,"[128, 64, 32]",0.0001,32,0.1,relu,adam,47
409,0.4716920702153774,19.84740468601287,17.010813292336042,"[128, 64, 32]",0.0001,32,0.1,relu,rmsprop,67
410,0.6084499837761481,17.086526459289903,14.076457650916131,"[128, 64, 32]",0.0001,32,0.1,tanh,adam,59
411,0.6663737165784128,15.772127857038347,14.243492742413952,"[128, 64, 32]",0.0001,32,0.1,tanh,rmsprop,74
412,0.8742030829312554,9.68490041041652,8.16665368586703,"[128, 64, 32]",0.0001,32,0.2,relu,adam,70
413,0.923616831213364,7.546733187977234,5.438029142035366,"[128, 64, 32]",0.0001,32,0.2,relu,rmsprop,44
414,0.7448872212030031,13.791968829093916,11.604301166239699,"[128, 64, 32]",0.0001,32,0.2,tanh,adam,84
415,0.6883901919466433,15.242833988484913,12.857019933880466,"[128, 64, 32]",0.0001,32,0.2,tanh,rmsprop,35
416,0.7377776912476346,13.982826815117134,12.77423212877794,"[128, 64, 32]",0.0001,32,0.3,relu,adam,92
417,0.8470663468726964,10.678535397734514,7.087449626388105,"[128, 64, 32]",0.0001,32,0.3,relu,rmsprop,49
418,0.9152868042108688,7.94759436470427,6.149439078229497,"[128, 64, 32]",0.0001,32,0.3,tanh,adam,107
419,0.7462879144472823,13.754054406615543,11.75314531094903,"[128, 64, 32]",0.0001,32,0.3,tanh,rmsprop,155
420,0.862264261093825,10.134060248181102,7.333457077487063,"[128, 64, 32]",0.0001,64,0.1,relu,adam,51
421,0.8724327510487708,9.752809812701967,7.390253505381331,"[128, 64, 32]",0.0001,64,0.1,relu,rmsprop,111
422,0.8333035243191552,11.148677925607599,9.444006010683209,"[128, 64, 32]",0.0001,64,0.1,tanh,adam,157
423,0.8302571484235435,11.250087678841131,9.250798080270826,"[128, 64, 32]",0.0001,64,0.1,tanh,rmsprop,110
424,0.8820369390336023,9.378495555904482,8.243896973148017,"[128, 64, 32]",0.0001,64,0.2,relu,adam,69
425,0.7182577499925795,14.493929668436788,11.96651344766176,"[128, 64, 32]",0.0001,64,0.2,relu,rmsprop,126
426,0.8077557367352343,11.972555384988096,10.23363737179031,"[128, 64, 32]",0.0001,64,0.2,tanh,adam,76
427,0.7186482026152752,14.48388297698283,12.296638792842963,"[128, 64, 32]",0.0001,64,0.2,tanh,rmsprop,86
428,0.9288973674696157,7.281200672800411,5.667831928034707,"[128, 64, 32]",0.0001,64,0.3,relu,adam,51
429,0.8048097233535119,12.063942264619348,8.343267597641566,"[128, 64, 32]",0.0001,64,0.3,relu,rmsprop,193
430,0.6885762662937589,15.2382822640974,13.980605851895445,"[128, 64, 32]",0.0001,64,0.3,tanh,adam,58
431,0.6976220643480928,15.015341333682326,13.188841854190168,"[128, 64, 32]",0.0001,64,0.3,tanh,rmsprop,94
432,0.7699042762407602,13.09828494696136,11.312266158244915,"[64, 32, 16]",0.001,16,0.1,relu,adam,34
433,0.774764682820836,12.95920634403866,9.808622768258957,"[64, 32, 16]",0.001,16,0.1,relu,rmsprop,37
434,0.7329705275815748,14.110414097079335,12.842315611399995,"[64, 32, 16]",0.001,16,0.1,tanh,adam,68
435,0.7458207114835644,13.766712415000166,12.357908230435699,"[64, 32, 16]",0.001,16,0.1,tanh,rmsprop,38
436,0.767459656631875,13.167681552128705,10.81376183858882,"[64, 32, 16]",0.001,16,0.2,relu,adam,56
437,0.9137527746010821,8.019231050656979,6.467794968089171,"[64, 32, 16]",0.001,16,0.2,relu,rmsprop,55
438,0.8868677445568766,9.184454838940537,6.587211473117306,"[64, 32, 16]",0.001,16,0.2,tanh,adam,65
439,0.8274110447392402,11.344011554781874,9.672673270558038,"[64, 32, 16]",0.001,16,0.2,tanh,rmsprop,106
440,0.8453197211313959,10.739341024379195,8.172117955013976,"[64, 32, 16]",0.001,16,0.3,relu,adam,58
441,0.8774965970886873,9.55727839189163,7.220531838535574,"[64, 32, 16]",0.001,16,0.3,relu,rmsprop,59
442,0.8958995328059135,8.810214852823878,6.300029111890418,"[64, 32, 16]",0.001,16,0.3,tanh,adam,77
443,0.825765215642627,11.397972147639981,9.538839194771038,"[64, 32, 16]",0.001,16,0.3,tanh,rmsprop,31
444,0.3156201428910894,22.58961190353924,19.02311914188703,"[64, 32, 16]",0.001,32,0.1,relu,adam,52
445,0.7893975776456653,12.531176337104446,8.422075869183436,"[64, 32, 16]",0.001,32,0.1,relu,rmsprop,54
446,0.8902716140979159,9.04523085845106,6.89324566292095,"[64, 32, 16]",0.001,32,0.1,tanh,adam,45
447,0.8177950753442615,11.655749783550641,9.15596410597086,"[64, 32, 16]",0.001,32,0.1,tanh,rmsprop,71
448,0.8155295423311368,11.72798961985518,9.896737687620538,"[64, 32, 16]",0.001,32,0.2,relu,adam,37
449,0.7017560639565847,14.912345989334353,10.639676025876643,"[64, 32, 16]",0.001,32,0.2,relu,rmsprop,100
450,0.7709749875497752,13.067774090875584,11.835051157925895,"[64, 32, 16]",0.001,32,0.2,tanh,adam,60
451,0.8357838383352953,11.065425249336355,8.616950768128351,"[64, 32, 16]",0.001,32,0.2,tanh,rmsprop,39
452,0.8958932153276,8.810482178698443,6.865087076808676,"[64, 32, 16]",0.001,32,0.3,relu,adam,86
453,0.8487571473520661,10.619341577559876,8.453779160539051,"[64, 32, 16]",0.001,32,0.3,relu,rmsprop,112
454,0.8164212683448596,11.699608862241693,9.784265232999077,"[64, 32, 16]",0.001,32,0.3,tanh,adam,93
455,0.7829990177081119,12.72011419376213,11.143240200124351,"[64, 32, 16]",0.001,32,0.3,tanh,rmsprop,77
456,0.8600729265003477,10.214357074319171,7.1368014921614495,"[64, 32, 16]",0.001,64,0.1,relu,adam,49
457,0.7055458737145267,14.817296882986986,13.452148512695121,"[64, 32, 16]",0.001,64,0.1,relu,rmsprop,32
458,0.6324012950906974,16.55568469498546,14.819708493046035,"[64, 32, 16]",0.001,64,0.1,tanh,adam,51
459,0.8613531557010629,10.167522798232358,7.433158272713188,"[64, 32, 16]",0.001,64,0.1,tanh,rmsprop,39
460,0.8141740812027171,11.77099850906908,7.565771208323736,"[64, 32, 16]",0.001,64,0.2,relu,adam,54
461,0.8927116193480285,8.94409710123647,7.506298552194201,"[64, 32, 16]",0.001,64,0.2,relu,rmsprop,39
462,0.7322350808319555,14.129832033553107,12.959760103344248,"[64, 32, 16]",0.001,64,0.2,tanh,adam,50
463,0.6025600313137731,17.21456014043641,15.923675775535974,"[64, 32, 16]",0.001,64,0.2,tanh,rmsprop,64
464,0.8649732975259339,10.033905145915188,7.297411016601351,"[64, 32, 16]",0.001,64,0.3,relu,adam,46
465,0.9090006113106899,8.237195958059447,5.692513625300147,"[64, 32, 16]",0.001,64,0.3,relu,rmsprop,70
466,0.5504000659226602,18.30936488378715,16.09741669621228,"[64, 32, 16]",0.001,64,0.3,tanh,adam,132
467,0.7605669535287913,13.36140739397139,11.742268284346569,"[64, 32, 16]",0.001,64,0.3,tanh,rmsprop,36
468,0.538119776553287,18.55772966307876,16.095947558798436,"[64, 32, 16]",0.0005,16,0.1,relu,adam,39
469,0.713883051528474,14.606022070404691,12.550695138597664,"[64, 32, 16]",0.0005,16,0.1,relu,rmsprop,34
470,0.8096854055250591,11.912316047706188,9.844475110754008,"[64, 32, 16]",0.0005,16,0.1,tanh,adam,55
471,0.8113262367622663,11.860852803437066,8.827166113413607,"[64, 32, 16]",0.0005,16,0.1,tanh,rmsprop,46
472,0.9174202199858843,7.846880180237283,5.35869968728018,"[64, 32, 16]",0.0005,16,0.2,relu,adam,110
473,0.8133535911601357,11.796956539323423,9.483599755043345,"[64, 32, 16]",0.0005,16,0.2,relu,rmsprop,42
474,0.6799005355331104,15.4490804262581,12.673948439386836,"[64, 32, 16]",0.0005,16,0.2,tanh,adam,53
475,0.828262213226558,11.316003970345959,8.268799353905301,"[64, 32, 16]",0.0005,16,0.2,tanh,rmsprop,89
476,0.7903933882069427,12.501515083458656,11.068974484820624,"[64, 32, 16]",0.0005,16,0.3,relu,adam,103
477,0.8170509355354479,11.679527048741098,10.002250071592078,"[64, 32, 16]",0.0005,16,0.3,relu,rmsprop,53
478,0.6480217394509762,16.20011437181045,15.008940210314591,"[64, 32, 16]",0.0005,16,0.3,tanh,adam,122
479,0.819621585508,11.597181201321112,10.293914629742712,"[64, 32, 16]",0.0005,16,0.3,tanh,rmsprop,85
480,0.8072121301815721,11.989470753628703,9.547982315745182,"[64, 32, 16]",0.0005,32,0.1,relu,adam,83
481,0.8247861559574425,11.42995101564703,9.323073475633622,"[64, 32, 16]",0.0005,32,0.1,relu,rmsprop,46
482,0.6557125449569821,16.022148752853994,14.445374620278551,"[64, 32, 16]",0.0005,32,0.1,tanh,adam,129
483,0.6725587627745158,15.625245391993477,13.867768960445282,"[64, 32, 16]",0.0005,32,0.1,tanh,rmsprop,31
484,0.6459825414764819,16.24697455398451,12.838210745354173,"[64, 32, 16]",0.0005,32,0.2,relu,adam,33
485,0.8177407756337113,11.657486445427597,9.053611775014554,"[64, 32, 16]",0.0005,32,0.2,relu,rmsprop,103
486,0.8550603065537297,10.395702187964321,7.384448140817467,"[64, 32, 16]",0.0005,32,0.2,tanh,adam,54
487,0.5958676199260609,17.358891337182843,16.103262116611706,"[64, 32, 16]",0.0005,32,0.2,tanh,rmsprop,139
488,0.8562903623056836,10.351495735272394,7.399052273533632,"[64, 32, 16]",0.0005,32,0.3,relu,adam,61
489,0.8867630660886068,9.188702930566635,7.431970770522483,"[64, 32, 16]",0.0005,32,0.3,relu,rmsprop,68
490,0.7280764490446225,14.239133826192013,12.824502467654904,"[64, 32, 16]",0.0005,32,0.3,tanh,adam,138
491,0.8958188443907907,8.81362859627012,7.30117139046042,"[64, 32, 16]",0.0005,32,0.3,tanh,rmsprop,48
492,0.7818105484115996,12.754899342410361,11.182754144885804,"[64, 32, 16]",0.0005,64,0.1,relu,adam,76
493,0.6958966096315007,15.058121301279252,11.729083624195173,"[64, 32, 16]",0.0005,64,0.1,relu,rmsprop,54
494,0.6564877447714914,16.004100802100325,14.587716623402732,"[64, 32, 16]",0.0005,64,0.1,tanh,adam,129
495,0.7849976180039001,12.661401946019454,11.489910894367645,"[64, 32, 16]",0.0005,64,0.1,tanh,rmsprop,138
496,0.6946260785138436,15.089544611495649,11.458246794401687,"[64, 32, 16]",0.0005,64,0.2,relu,adam,48
497,0.815307828518451,11.735035399672189,7.996233237688418,"[64, 32, 16]",0.0005,64,0.2,relu,rmsprop,35
498,0.8933790581871861,8.916233175103681,6.607974112149444,"[64, 32, 16]",0.0005,64,0.2,tanh,adam,52
499,0.8231428605828504,11.483425531502853,9.281774626366845,"[64, 32, 16]",0.0005,64,0.2,tanh,rmsprop,100
500,0.8259185114783831,11.39295694312064,8.762824327916483,"[64, 32, 16]",0.0005,64,0.3,relu,adam,54
501,0.8863956472093858,9.203598109404721,7.200394232157082,"[64, 32, 16]",0.0005,64,0.3,relu,rmsprop,103
502,0.6803338238766811,15.438620906683417,13.755625314644902,"[64, 32, 16]",0.0005,64,0.3,tanh,adam,64
503,0.3107253348929633,22.67025046147448,20.675491037577313,"[64, 32, 16]",0.0005,64,0.3,tanh,rmsprop,31
504,0.5423955782344021,18.47163194334301,16.252248354510034,"[64, 32, 16]",0.0001,16,0.1,relu,adam,109
505,0.7265511108325959,14.279014743909613,11.97601624239393,"[64, 32, 16]",0.0001,16,0.1,relu,rmsprop,63
506,0.7288900172324806,14.21781683439077,10.464222634116657,"[64, 32, 16]",0.0001,16,0.1,tanh,adam,61
507,0.7699649438500529,13.096558069975586,10.731652567893608,"[64, 32, 16]",0.0001,16,0.1,tanh,rmsprop,111
508,0.8685573420240614,9.899843441308642,7.304517358400346,"[64, 32, 16]",0.0001,16,0.2,relu,adam,94
509,0.5661644427005634,17.985508967316793,15.213334896903074,"[64, 32, 16]",0.0001,16,0.2,relu,rmsprop,145
510,0.7073225636078793,14.772526626992608,12.96595823466547,"[64, 32, 16]",0.0001,16,0.2,tanh,adam,127
511,0.6244630026876758,16.733489865501834,15.130361672574933,"[64, 32, 16]",0.0001,16,0.2,tanh,rmsprop,120
512,0.8525797568130924,10.484282678521556,9.063982351847672,"[64, 32, 16]",0.0001,16,0.3,relu,adam,84
513,0.8080176619367698,11.964396538537278,9.611854310074484,"[64, 32, 16]",0.0001,16,0.3,relu,rmsprop,46
514,0.8205098959183533,11.56858961069707,8.492037766853032,"[64, 32, 16]",0.0001,16,0.3,tanh,adam,121
515,0.25108488972373566,23.63069293389319,21.912424380597127,"[64, 32, 16]",0.0001,16,0.3,tanh,rmsprop,34
516,0.6568192468447392,15.996376662555436,14.277111122697308,"[64, 32, 16]",0.0001,32,0.1,relu,adam,66
517,0.9311928754821057,7.162701699025616,5.539370626446404,"[64, 32, 16]",0.0001,32,0.1,relu,rmsprop,106
518,0.6652317700768484,15.799097465477896,14.182311125258794,"[64, 32, 16]",0.0001,32,0.1,tanh,adam,102
519,0.8910830340656039,9.011724943921767,7.819406905015152,"[64, 32, 16]",0.0001,32,0.1,tanh,rmsprop,56
520,0.8222606267613678,11.512031850112628,9.874570986896096,"[64, 32, 16]",0.0001,32,0.2,relu,adam,163
521,0.7425567098301399,13.85482194628289,12.47201483940091,"[64, 32, 16]",0.0001,32,0.2,relu,rmsprop,39
522,0.6332432793295061,16.53671344084782,14.279264812135686,"[64, 32, 16]",0.0001,32,0.2,tanh,adam,34
523,0.7403378644914002,13.914399634333316,12.410656260582831,"[64, 32, 16]",0.0001,32,0.2,tanh,rmsprop,79
524,0.8492310158406726,10.602692462923018,8.61796641839323,"[64, 32, 16]",0.0001,32,0.3,relu,adam,90
525,0.783081859862578,12.717685950710468,8.826598904500935,"[64, 32, 16]",0.0001,32,0.3,relu,rmsprop,171
526,0.2869744214355734,23.057526430783806,21.310466496548184,"[64, 32, 16]",0.0001,32,0.3,tanh,adam,37
527,0.5337812534280895,18.644683974450164,15.094236150683681,"[64, 32, 16]",0.0001,32,0.3,tanh,rmsprop,33
528,0.8811654061198809,9.413076830175486,7.0594973600393205,"[64, 32, 16]",0.0001,64,0.1,relu,adam,145
529,0.680714977337937,15.429414053768523,11.595808593100589,"[64, 32, 16]",0.0001,64,0.1,relu,rmsprop,77
530,0.8438567522241139,10.790007946089919,8.7769258565274,"[64, 32, 16]",0.0001,64,0.1,tanh,adam,155
531,0.647133111668905,16.220551425136502,12.220440382817443,"[64, 32, 16]",0.0001,64,0.1,tanh,rmsprop,90
532,0.6743964890354135,15.581336250777984,14.154173034405998,"[64, 32, 16]",0.0001,64,0.2,relu,adam,72
533,0.7470902670259071,13.73228890870531,11.960722636023442,"[64, 32, 16]",0.0001,64,0.2,relu,rmsprop,49
534,0.6639335613194668,15.82970174436,14.276318897406565,"[64, 32, 16]",0.0001,64,0.2,tanh,adam,196
535,0.6228608232371547,16.76914749608224,15.627258228292394,"[64, 32, 16]",0.0001,64,0.2,tanh,rmsprop,178
536,0.5806568557870296,17.682551591893183,14.99584853555907,"[64, 32, 16]",0.0001,64,0.3,relu,adam,118
537,0.6520433287413308,16.10729987039187,13.61353460608538,"[64, 32, 16]",0.0001,64,0.3,relu,rmsprop,84
538,0.7089406242335201,14.731635241253002,13.00815636807262,"[64, 32, 16]",0.0001,64,0.3,tanh,adam,116
539,0.6265304120110616,16.687365624943816,13.75040736175844,"[64, 32, 16]",0.0001,64,0.3,tanh,rmsprop,194
