PC1,PC2,PC3,PC4,PC5,cut_num,wear_VB1,wear_VB2,wear_VB3,wear_VB_avg
-4.35017898928216,4.270913885252512,1.9148436723067004,-0.24041011081262903,-0.12915166810328907,1,32.31711361,48.89261732,37.72082548,39.643518803333336
-2.6128807242986065,0.08268836103759036,1.1985367576995114,-0.4903575379220824,-0.019094015581562648,2,37.914879,49.57081504,37.72082548,41.73550650666667
-2.7534953902000514,-0.2600484899499811,0.807734323836528,-0.4088446754292329,-0.04604539936795823,3,43.08790971,50.30286727,37.72082548,43.70386748666667
-2.565511615676617,-0.9216692341307047,0.6225062698308064,-0.42329084511483217,-0.0864745153696011,4,47.8590723,51.08365203,37.84985103,45.59752512
-2.424736577009937,-0.5735698720968807,0.651893062668112,-0.3128294633798822,-0.11334933557883865,5,52.25032922,51.90828793,38.17266456,47.443760569999995
-1.9269459379410847,-0.6633290439163378,0.4516115659524982,-0.2686178072058723,-0.061493441028736655,6,56.28276562,52.77212655,38.61755643,49.22414953333333
-2.3972159322691136,-0.33706538836447625,0.6799432988988497,-0.2500722050008318,-0.14221067716290361,7,59.97661561,53.6707451,39.17455623,50.94063898
-2.3966157362847875,-0.45062870612907185,0.5529410509586774,-0.24156406003400202,-0.08299747214495021,8,63.3512879,54.5999392,39.83415523,52.59512744333333
-2.2352318368373436,0.07410130944349667,0.7092499847759153,-0.1973610510797576,-0.10061778490219316,9,66.4253909,55.55571585,40.58729178,54.18946617666666
-2.0796149315441577,-0.507239611068596,0.318753958241278,-0.25133711279756554,-0.11444741754402192,10,69.21675719,56.53428648,41.42533708,55.72546025
-1.5309422686865677,-0.19547351608289018,0.3237259906123304,-0.26551512852405684,-0.0231941765650872,11,71.74246752,57.53206029,42.34008123,57.20486968
-2.054779172297477,-0.2286514153611037,0.4338881532350192,-0.21946894790168217,-0.07765336036801204,12,74.01887416,58.54563763,43.32371962,58.62941046999999
-2.032802386537605,-0.2400205531931209,0.40725631572256293,-0.32549745384609235,-0.14289320005931067,13,76.06162381,59.57180359,44.36883963,60.00075567666667
-1.9604037902570688,-0.20162422231691993,0.47699417944408407,-0.3991349938414592,-0.07962341854109939,14,77.88567991,60.60752172,45.46840765,61.32053642666667
-1.4073607789847058,-0.17267971760448123,0.32660345909800936,-0.19303739013200952,-0.12250060912620145,15,79.50534445,61.64992794,46.61575637,62.59034291999999
-1.4736921342772336,-0.0759169801376125,0.3049594815704979,-0.18747696691009752,-0.10176468867573848,16,80.93427925,62.69632451,47.8045724,63.81172538666666
-1.94975323870294,-0.20453470630256368,0.29130362898433027,-0.3183887599319232,-0.08957966689154521,17,82.18552678,63.74417426,49.0288842,64.98619508
-2.0827771705612097,0.15294931523830171,0.5658256039387235,-0.33975393976965057,-0.10829010943157784,18,83.27153045,64.79109482,50.28305022,66.11522516333333
-1.4710332290670582,0.3226477045400525,0.26432274298038655,-0.3422596076167961,0.03474733296199417,19,84.20415441,65.83485314,51.56174741,67.20025165333334
-1.7467123158463431,0.06877649440484801,0.1909283196143971,-0.223955724379419,-0.09981644934510481,20,84.99470288,66.87336002,52.85995997,68.24267429000001
-2.3141341275483316,0.202642109814996,0.35523942369459577,-0.31866731849377805,-0.10110887410221209,21,85.653939,67.90466485,54.17296838,69.24385740999999
-2.1087807049214824,0.22856204318326773,0.3282227688445028,-0.1901622849204641,-0.01790031384931849,22,86.19210327,68.92695045,55.49633868,70.2051308
-1.906407584349327,0.493832507516744,0.1991070589734258,-0.17544897337775464,-0.04477159773038147,23,86.61893145,69.93852803,56.82591204,71.12779050666667
-1.8443357551006692,0.19177148743677863,0.07886698692481293,-0.25523690552637956,-0.013825812038793458,24,86.94367205,70.93783235,58.15779461,72.01309966999999
-2.2227806847718266,1.2293121887904412,0.641845372692338,-0.15197946118678507,-0.04666679341525886,25,87.17510345,71.92341685,59.48834755,72.86228928333333
-1.573901513488826,0.824574311170341,0.09286419930423659,-0.44551005755137274,0.17062316945233347,26,87.32155046,72.89394911,60.81417738,73.67655898333332
-1.5862410335868808,0.8652194298813519,0.000995268126318389,-0.14992283265197426,0.047961454171386655,27,87.39090058,73.84820624,62.13212659,74.45707780333333
-1.8995158890376316,1.2120082734891513,0.19925916967294113,0.0419254961722813,-0.01506102271691454,28,87.39090058,74.78507049,63.43926441,75.20507849333333
-2.0954278977192202,0.8915244921112476,0.1615803544036073,-0.05784826160426201,-0.03985474756000123,29,87.39090058,75.70352498,64.73287786,75.94243447333334
-1.9324307714599327,1.0059595233241152,0.023489503029148186,0.12583713326303106,-0.10415411371733103,30,87.39090058,76.6026495,66.0104631,76.66800439333332
-2.186031947030922,1.2032393206700245,0.13170010472953184,-0.07652499715485105,-0.07014135366592368,31,87.39090058,77.48161641,67.26971691,77.38074463333334
-2.0844453269955614,1.0411973013726652,0.10500740000970211,-0.43328104636043957,0.06117610583392896,32,87.39090058,78.33968677,68.50852841,78.07970525333333
-2.5981786228752677,0.9085399643302596,0.31047867289612835,0.0017181899257298011,-0.07771347221269093,33,87.39090058,79.17620637,69.72497111,78.76402602
-2.803132749935633,1.3047080747020958,0.608936995376894,-0.05885052914216966,-0.039677035856519834,34,87.39090058,79.99060207,70.91729498,79.43293254333332
-3.0487319099686876,1.5662175616733927,0.6790201858649192,-0.024474877118284367,-0.10307750282445435,35,87.39090058,80.78237816,72.08391897,80.08573257
-3.1006628853929348,2.8503950814338297,0.8842361416814704,0.07507941182374826,-0.04489445152832067,36,87.39090058,81.55111275,73.22342351,80.72181228000001
-2.9318058584155584,1.5929246375784016,0.4378436910770687,-0.008745735573246968,-0.07941735537806818,37,87.39090058,82.2964544,74.33454341,81.34063279666667
-2.580340650232011,1.8054977614541352,0.31242977966892116,0.17032122439982886,-0.05897810704564772,38,87.39090058,83.01811874,75.41616079,81.94172670333334
-2.8727939998689345,1.37490274568953,0.20242703919379357,-0.08411760301065069,0.013536035479845932,39,87.39090058,83.71588526,76.46729838,82.52469473999999
-3.3355154137637295,1.9089179587521905,0.5808872360158014,-0.027185195135112552,-0.07861155076598168,40,87.39090058,84.38959411,77.48711287,83.08920252
-3.1189783901667583,1.639764723669464,0.3098943414405674,-0.07809105693997809,-0.07642976029465465,41,87.39090058,85.03914309,78.47488851,83.63497739333333
-2.96503588176761,1.8368829094865153,0.37844197987806755,0.003920945831934224,-0.038690330849042116,42,87.39090058,85.66448465,79.43003091,84.16180538
-3.0044063784267268,3.9733442789723914,1.117662087441679,0.2659014076694554,0.10190800562269095,43,87.39090058,86.26562303,80.35206101,84.66952820666667
-2.700622795484593,2.1570429909207447,0.2597283745242081,0.1842370537746969,0.14384803686776224,44,87.39090058,86.84261145,81.24060921,85.15804041333332
-3.085693323702528,1.2901371528587495,0.16470606584064607,-0.038872066129017654,-0.02652168744113923,45,87.39090058,87.39554943,82.09540971,85.62728657333334
-3.0262662115311856,1.7799880987278658,0.34888000853659445,0.197343445449458,-0.028922566603126924,46,87.39090058,87.92458016,82.91629497,86.07725856999998
-2.685198295413789,2.3817837111236217,0.2406944616740881,0.3131402165627144,0.09948952071285208,47,87.39090058,88.42988794,83.70319044,86.50799298666668
-2.5898603540080884,2.359026774704456,0.1862513030285453,0.2973611666390363,0.13592586770233644,48,87.39090058,88.91169574,84.45610931,86.91956854333334
-2.8759673349939217,1.8253815045315007,0.14445990159586414,0.1790238323839713,0.008897941361192424,49,87.39090058,89.37026282,85.17514756,87.31210365333334
-2.977923032103537,1.206532465420484,-0.07959691150180769,0.13202043325264862,-0.05197072842664484,50,87.39090058,89.80588243,85.86047909,87.68575403333334
-2.830063585506034,2.046281374631012,0.1747101071098744,0.10378140813927057,0.1615722101014625,51,87.39090058,90.21887955,86.51235104,88.04071039
-2.9925668294355154,1.841727461455371,0.059548722965425085,0.17950441925336205,0.01921446956899637,52,87.39090058,90.60960878,87.13107922,88.37719619333332
-2.920702180279265,2.6660814520271865,0.26426850667168433,0.3125280611446954,0.10502684671382345,53,87.39090058,90.97845225,87.71704374,88.69546552333333
-2.9468727674605724,1.2581498298204519,0.021337798297295964,-0.004079749774814427,0.00556778434069658,54,87.39090058,91.32581757,88.27068479,88.99580098
-2.948043592997276,1.2803040350674106,-0.06956276785036476,0.09599755824167126,0.029109390156092124,55,87.39090058,91.65213593,88.79249847,89.27851165999999
-2.9047243562653704,0.897171698246852,-0.18456685573673337,0.020762417321798635,-0.01732113058754298,56,87.39090058,91.95786023,89.2830329,89.54393123666667
-2.461925992782151,0.9665407847616404,-0.3783243455678869,0.19187181422559227,0.06130115049821157,57,87.39090058,92.24346325,89.74288435,89.79241606
-2.6524707323652583,1.2712435490210208,-0.2711833836474858,0.21690269639558535,0.025021761462960455,58,87.39090058,92.50943591,90.17269359,90.02434335999999
-2.5673549901437296,0.8270061816361991,-0.44131566345562195,0.054748787972013095,0.09912992060150964,59,87.39090058,92.7562856,90.57314227,90.24010948333334
-3.048795184290278,1.090190000352559,-0.19085856838365933,-0.04739743627656329,-0.015004525217355376,60,87.39090058,92.98453457,90.94494956,90.44012823666668
-3.065637013110369,1.7368312550973588,-0.0011902289634407415,0.1267896946088546,0.034611269632618014,61,87.39090058,93.19471836,91.2888688,90.62482924666666
-2.4846931914676924,1.5825483607320345,-0.24607618823338331,0.4303804963153652,0.01619740833487062,62,87.39090058,93.38738431,91.60568433,90.79465640666668
-2.354974353661596,0.8443652858278269,-0.47379669850219347,0.1955956470492833,0.12103153076422885,63,87.39090058,93.56309014,91.89620842,90.95006638
-2.5662428778387407,0.559985584726141,-0.5358467557956341,0.11915961071735885,0.008578948851640412,64,87.39090058,93.72240252,92.16127833,91.09152714333334
-2.526134669758208,0.5967945402492654,-0.522396493122359,0.1641056259014385,-0.044855100847225146,65,87.39090058,93.86589581,92.40175351,91.21951663333331
-2.4875631028057295,0.585131251110454,-0.4299509241185331,0.03675309678472768,0.03692053032078435,66,87.39090058,93.99415074,92.61851282,91.33452138
-2.1290133485490506,0.4940631405105283,-0.6667249075440148,0.0114923151248704,0.18881278559469214,67,87.39090058,94.10775318,92.81245198,91.43703524666668
-2.8275013390639074,0.24378215419537785,-0.5511910430953294,-0.16348563468981692,-0.03861900597210616,68,87.39090058,94.20729304,92.98448102,91.52755821333334
-2.9009688629843455,0.17296865542071385,-0.5883835633616021,-0.13656790613974584,-0.03445309529820149,69,87.39090058,94.29336308,93.13552193,91.60659519666666
-2.7798476097446962,0.39208283291790036,-0.49666946178138194,-0.17785339204744216,0.015616779284149724,70,87.39090058,94.36655788,93.26650631,91.67465492333334
-2.6972200271538105,0.23593298019879147,-0.704678071976104,0.0187329489883734,-0.03432917588403857,71,87.39090058,94.42747281,93.37837323,91.73224887333332
-2.4698298509784915,0.33248903976889527,-0.673460473877444,0.1111398507752331,-0.006435075072248661,72,87.39090058,94.47670304,93.47206707,91.77989023
-2.2701446538810557,0.5145705303977726,-0.6936400104344393,0.26693595215920796,0.03755927466312144,73,87.39090058,94.51484266,93.54853556,91.81809293333332
-2.548047895375737,0.5693548992760317,-0.6419900329189931,0.009468001969154587,0.021065807794275245,74,87.39090058,94.54248373,93.60872787,91.84737072666668
-2.5321544525274753,0.35819263652829303,-0.6455797017345141,-0.05992268589887789,0.06852098508368672,75,87.39090058,94.5602155,93.65359272,91.86823626666668
-2.7576810880828693,0.25490690447715686,-0.5129323529897818,-0.02366531834614358,-0.01565269108796397,76,87.39090058,94.56862356,93.68407674,91.88120029333334
-2.6348617326492616,0.05953285059305927,-0.6474693652044502,-0.09315099159404332,-0.024809985480419124,77,87.39090058,94.56862356,93.70112274,91.88688229333331
-2.622215915101434,-0.06554151666634282,-0.8866125827070567,0.09934618611376551,-0.05772538288812337,78,87.39090058,94.56862356,93.70566818,91.88839744
-2.4057095845448746,0.3322338872819718,-0.683792552292612,0.013333707027713259,0.01940240394377699,79,87.39090058,94.56862356,93.70566818,91.88839744
-1.982740335724886,-0.11031506858552446,-0.9541154174965462,0.28845328357914485,-0.005520755365785201,80,87.39090058,94.56862356,93.70566818,91.88839744
-2.214446479555171,-0.10283991290010226,-0.7544385976267916,0.20436465339425214,0.012537204696707042,81,87.39090058,94.56862356,93.70566818,91.88839744
-2.5983777207749297,-0.25430499718890065,-0.7625438972313325,-0.004511203634879751,-0.07880458129039597,82,87.39090058,94.56862356,93.70566818,91.88839744
-2.7786823081499676,-0.19926334762278952,-0.7611755435544723,-0.14451382526718773,-0.046898633100581594,83,87.39090058,94.56862356,93.70566818,91.88839744
-2.396675259341421,-0.1848945165029536,-0.812560390857456,0.02045695039305382,-0.02874673583207656,84,87.39090058,94.56862356,93.70566818,91.88839744
-2.505538107480365,-0.2560773868672206,-0.874649914766273,-0.16693838711726802,-0.012595527828173674,85,87.39090058,94.56862356,93.70566818,91.88839744
-2.179004321737553,-0.05955002518032616,-0.6897624362969506,-0.09512507903840797,0.11825452321703124,86,87.39090058,94.56862356,93.70566818,91.88839744
-2.1685609045042353,0.05205477268022568,-0.8189750525386948,0.008599170495264541,0.11675603507966031,87,87.39090058,94.56862356,93.70566818,91.88839744
-2.301116289578932,-0.12783813381885534,-0.7579198807617894,0.05602912449201353,0.026243612439633277,88,87.39090058,94.56862356,93.70566818,91.88839744
-2.5679279996448994,-0.3147505161058718,-0.6866141537175983,-0.14310279016522867,-0.013492392535132769,89,87.39090058,94.56862356,93.70566818,91.88839744
-2.616395427501964,-0.07683745533381496,-0.680728335738511,-0.13042992859719932,-0.04614604695688346,90,87.39090058,94.56862356,93.70566818,91.88839744
-2.2698851459667204,0.08006194884749104,-0.7259457347877959,0.05920802583754721,0.01409012383939506,91,87.39090058,94.56862356,93.70566818,91.88839744
-2.2209259112458137,-0.29454109838768244,-0.8354204460907235,0.11329319626162458,0.0008627428502257249,92,87.39090058,94.56862356,93.70566818,91.88839744
-2.146917871306016,-0.13764484854776785,-0.7643481298496833,-0.04183719351495286,0.09245908979405809,93,87.39090058,94.56862356,93.70566818,91.88839744
-2.0372961194698793,-0.3017860190759236,-0.8978669599376967,0.08383962205867657,-0.0187061067909053,94,87.39090058,94.56862356,93.70566818,91.88839744
-2.5161569438293983,-0.12169211515001079,-0.5298795989476205,0.0028257809112056825,-0.01725576130065486,95,87.39090058,94.56862356,93.70566818,91.88839744
-2.499521137815289,-0.30714582778758054,-0.6656540557010363,-0.13065308905175715,-0.01824980242901259,96,87.39090058,94.56862356,93.70566818,91.88839744
-2.3307555343043864,-0.3803435282400824,-0.7457064962179986,0.00024576362648090483,0.008280548562710351,97,87.39090058,94.56862356,93.70566818,91.88839744
-2.1725263349881314,-0.4286529495858144,-0.8130907739944938,0.013875382482438432,-0.04002058101683813,98,87.39090058,94.56862356,93.70566818,91.88839744
-2.283976242123662,-0.1836846707337713,-0.627398251267498,0.07904640906761094,-0.03596479615084811,99,87.39090058,94.56862356,93.70566818,91.88839744
-2.5100275441883655,-0.479110761784689,-0.559893980495761,-0.2990990277299342,-0.019612165284121224,100,87.39090058,94.56862356,93.70566818,91.88839744
-2.288440677708876,-0.3558796048171854,-0.7128529489872353,0.003239914171543032,-0.09043004804451144,101,87.7061647,94.56862356,93.70566818,91.99348548
-2.0152409612402655,-0.34380182044362645,-0.7373395283141054,-0.10399439017425788,0.04346319184588572,102,88.0993478,94.56862356,93.70566818,92.12454651333331
-2.0553858315784406,-0.44776535116326177,-0.7717871043635778,0.012297499601916641,-0.022105927794126658,103,88.49130564,94.56862356,93.70566818,92.25519912666668
-1.8806969233774948,-0.39031016556027,-0.6760595455879099,0.05638722140778522,0.0258815819728026,104,88.88155409,94.56862356,93.70566818,92.38528194333333
-1.8996197116916593,-0.37347713734927906,-0.7176918502609133,0.06513554135063128,0.017734327592139717,105,89.26963001,94.56862356,93.70566818,92.51464058333332
-2.2478148584921347,-0.43542741729769324,-0.6783926826650942,-0.03872875381322591,0.004099227852465286,106,89.65509154,94.56862356,93.70566818,92.64312776
-2.28635368640134,-0.3958340880046789,-0.6471702271461306,-0.10450362615964282,0.05558206501238037,107,90.03751838,94.56862356,93.70566818,92.77060337333334
-2.1835561071495926,-0.47916507431587474,-0.6971179218185919,-0.07039630941330664,0.017354936727150463,108,90.41651198,94.56862356,93.70566818,92.89693457333333
-1.9351337452791888,-0.31847836572245775,-0.6593882659612643,0.05211669759193434,0.07177142424890418,109,90.79169571,94.56862356,93.70566818,93.02199581666666
-1.7995875465094695,-0.421903734823982,-0.8317219020519114,0.17358280243727517,0.12501956218187327,110,91.16271501,94.56862356,93.70566818,93.14566891666668
-1.8751034414239258,-0.6015566576703325,-0.5322675164961626,-0.028338442439361247,0.049367780328402895,111,91.52923739,94.56862356,93.70566818,93.26784304333334
-1.9185660144185324,-0.43705924590784245,-0.719406917286206,-0.012507891930303617,0.035679895920598795,112,91.89095253,94.56862356,93.70566818,93.38841475666668
-2.06586806822061,-0.3963688771032875,-0.5232794067194186,0.03618121158458749,-0.01628267740476646,113,92.24757218,94.56862356,93.70566818,93.50728797333332
-2.217348605120731,-0.547342187701273,-0.4311385789546121,-0.09648501548000392,-0.014887889751467875,114,92.59883018,94.56862356,93.70566818,93.62437397333332
-2.084253023011712,-0.3213299986092856,-0.4839644059538472,-0.1300289048149182,0.04766295957690443,115,92.94448231,94.56862356,93.70566818,93.73959135
-1.8328117050957162,-0.4902057450668046,-0.6942384746746613,0.04801866390979518,0.05928085134801074,116,93.2843062,94.56862356,93.70566818,93.85286598
-1.796207191835488,-0.4878460069613315,-0.6244985360732169,0.09822980586974127,-0.0448420474744374,117,93.61810111,94.56862356,93.70566818,93.96413094999998
-1.915200783972202,-0.5913860964848721,-0.48171913840122615,0.03445447051439609,-0.06268964097258437,118,93.94568777,94.56862356,93.70566818,94.07332650333336
-2.0711934289838543,-0.5916616979508986,-0.3408653147131993,0.020844346011336834,-0.051993152300776634,119,94.26690815,94.56862356,93.70566818,94.18039996333334
-2.163410121471498,-0.6813163378381607,-0.3818762283786714,-0.05763126605354059,-0.048179863179219226,120,94.58162515,94.56862356,93.70566818,94.28530563
-2.0446811861316463,-0.9150921715583091,-0.48581186059046555,-0.1339859367270207,-0.0520318976847505,121,94.88972237,94.56862356,93.70566818,94.38800470333337
-1.9748908128648308,-0.4695657378609326,-0.3840277962211018,-0.1519233951080738,0.04199331637926053,122,95.19110376,94.56862356,93.70566818,94.48846516666669
-1.5366882065446708,-0.5939496735055901,-0.5939628926270453,-0.026497724330612187,0.05848195805576944,123,95.48569329,94.56862356,93.70566818,94.58666167666668
-1.6425682991686372,-0.6716343307366798,-0.47758295000394524,-0.10348296545867194,0.026411507994356608,124,95.77343457,94.56862356,93.70566818,94.68257543666668
-1.969116085981482,-0.8014039774465307,-0.29762320761297617,-0.10990693230295842,-0.019548370807770395,125,96.05429047,94.56862356,93.70566818,94.77619407000002
-1.987150920043469,-0.8897031978989285,-0.1694770225460578,-0.07321966168471883,-0.030216686004822746,126,96.32824273,94.56862356,93.74018966,94.87901865
-1.9198704281138943,-0.751600550964814,-0.4079412141955949,0.010874292252008724,-0.029885801152558473,127,96.59529149,94.56862356,93.93261436,95.03217647
-1.8422539120059362,-0.7136744906618442,-0.3395356683010213,0.025789296022607825,-0.05228701019887206,128,96.85545491,94.56862356,94.13621951,95.18676599333334
-1.999388959250589,-0.7898600241397713,-0.24718941601547909,-0.11425651337078571,0.06564409700623244,129,97.10876863,94.56862356,94.3509501,95.34278076333334
-2.012180145400889,-0.6648153650601789,-0.0881695388013183,-0.23684035661129219,0.048158401264213294,130,97.35528535,94.56862356,94.57673474,95.50021455
-2.2225663996175666,-0.8550145944348297,-0.13217056739719912,-0.2211451802186517,-0.007894363142513702,131,97.59507432,94.56862356,94.8134861,95.65906132666667
-2.0266045442739156,-0.6328994782254739,-0.20857331988904013,-0.0933762369411601,-0.023312592996575232,132,97.82822082,94.56862356,95.06110142,95.81931526666666
-1.8662940652316022,-0.5640452205216097,-0.07762617979895102,-0.011480307847629078,0.016485147129605263,133,98.05482567,94.56862356,95.31946299,95.98097074000002
-1.7028955998900093,-0.5010682471704788,-0.19150642281604616,0.11789225193371747,-0.07234576296313056,134,98.27500469,94.56862356,95.58843867,96.14402230666668
-1.48133364214237,-0.6556288775525003,-0.24054429873866187,-0.015606060690133285,0.07103632621717403,135,98.48888816,94.56862356,95.86788239,96.30846470333334
-1.6275420649637213,-0.7410618923868986,-0.1505875070824741,-0.014162213196523853,0.012191336042334397,136,98.69662026,94.61864372,96.15763466,96.49096621333332
-1.9531389486592707,-0.9656137068260873,-0.04496143547520783,-0.07641409967697416,-0.048161452744856344,137,98.89835857,94.77442788,96.45752308,96.71010317666666
-1.917320125465603,-0.8988147437142505,-0.04759049908572618,-0.19284097337626574,-0.003930534920982369,138,99.09427345,94.936968,96.76736287,96.93286810666666
-1.9169166409326603,-0.9551114310585949,-0.04684588097278334,0.13147292383324988,-0.1561580548242819,139,99.2845475,95.1061995,97.08695738,97.15923479333333
-1.6793101552672736,-0.7730480572071975,0.007119478717105147,-0.058686702648949096,0.02764141038213683,140,99.469375,95.28205156,97.41609862,97.38917506
-1.7371121084932037,-0.6240210512823523,0.012610786902006592,0.1327836084858272,-0.07907981314775522,141,99.64896132,95.46444735,97.75456776,97.62265881
-1.343135694257932,-1.0065342059395896,-0.21060227065303064,0.24212221071925932,-0.18165506422497066,142,99.82352237,95.65330429,98.10213572,97.85965412666668
-1.4268327894439048,-0.5363358563920577,0.14379327653637042,0.130825057580163,-0.002038883520341497,143,99.99328397,95.84853439,98.45856362,98.10012732666668
-1.5350631184808663,-0.8972564949333907,0.12989555331564587,-0.05866343263076885,0.0512491867805668,144,100.1584813,96.05004442,98.82360334,98.34404302
-1.3838875263178958,-0.8387235438595793,0.024926288278018172,0.034742498816855746,0.01377097270361175,145,100.3193584,96.25773627,99.19699805,98.59136424
-1.6672291471799556,-0.6180646397865245,0.24986916548915714,0.04829919730945346,-0.060038266203030696,146,100.4761675,96.47150713,99.57848272,98.84205245
-1.407616459961168,-0.9279489240611859,0.05507755787743873,0.14975222252036977,-0.11818460856905283,147,100.6291683,96.69124982,99.96778466,99.09606759333332
-1.3793274398620354,-0.9033724849808483,0.11195809248136297,0.18528673835679627,-0.11927982646133103,148,100.7786279,96.91685304,100.364624,99.35336831333336
-1.0634029447198465,-0.8877129685526578,-0.0904160914657773,0.1879802823077494,-0.09483247612493788,149,100.9248194,97.1482016,100.7687143,99.61391176666666
-0.6721828405727219,-0.7351227925972252,-0.19198586777916285,0.31081296990296403,-0.1097910309855543,150,101.0680222,97.3851767,101.1797629,99.87765393333336
-1.0105321059944241,-0.41623563725894414,0.20632944321055885,0.28757006877796143,-0.07859807252870553,151,101.208521,97.62765621,101.5974715,100.14454957
-1.1061831217710978,-0.7801807976463174,0.12481029109566873,0.07193364716780021,-0.07238491734200843,152,101.3466052,97.87551489,102.0215369,100.41455233
-1.497408993639425,-0.8918718343451792,0.2253463719400283,0.0493224156074002,-0.05561906602487672,153,101.4825683,98.12862466,102.4516511,100.68761468666666
-1.6569633206599297,-0.8329107619290842,0.2633315555432072,0.02664921098425102,-0.06607723757066489,154,101.6167078,98.38685484,102.887502,100.96368821333331
-1.55842844343834,-1.0140089247879351,0.24988648834617563,0.04941842530101357,-0.08620130997658175,155,101.7493242,98.65007241,103.328774,101.24272353666667
-1.3920769440846983,-0.4620086333152614,0.27893545719121887,0.0497366587013878,-0.08097336254103682,156,101.8807204,98.91814226,103.7751482,101.52467028666666
-1.0001166833094814,-0.7694362127921772,0.20078455838962464,0.07877793155584849,0.0022349908991358474,157,102.0112017,99.1909274,104.2263032,101.80947743333331
-1.0194244665208896,-0.806634316147661,0.2753813820282891,0.1797879303964412,-0.08759923918832765,158,102.1410748,99.46828924,104.6819154,102.09709314666668
-1.2347431430485443,-0.9260678498415129,0.268378496519388,-0.16537663189204618,0.03409594532233541,159,102.2706475,99.75008778,105.1416593,102.38746486
-1.3271316135064903,-0.8512714477835642,0.3694515646806403,-0.08236985002332822,-0.06018558173434278,160,102.400228,100.0361819,105.6052085,102.68053946666669
-0.9309258949406063,-0.8757353875000484,0.16796075512494693,0.07972823079966132,0.07967273375026421,161,102.5301247,100.3264295,106.0722354,102.9762632
-1.4501272927902116,-1.211284889625745,0.4320620140076751,-0.21323291587234866,0.067501853421832,162,102.6606455,100.6206878,106.5424124,103.2745819
-1.21664652904207,-0.9451652520984172,0.3065393285481336,-0.046968210542724445,0.1138658880295271,163,102.7920973,100.9188136,107.0154117,103.57544086666668
-1.0049181636849864,-0.6690087218674823,0.3269671946347019,-0.08733861926248296,0.13177199297534672,164,102.9247859,101.2206632,107.4909062,103.8787851
-0.8682994299276631,-0.8576439106631479,0.20042688349895907,0.031374147768858766,0.10801514339506273,165,103.0590149,101.5260932,107.9685697,104.18455926666668
-0.9456204161392775,-0.6868374003504126,0.31355739581070186,0.14580381444826263,0.11759087279372428,166,103.1950858,101.8349601,108.4480774,104.49270776666668
-0.5395115971977127,-0.8191617860917357,0.20892203076590055,0.3408552078418905,0.08702975961332636,167,103.3332975,102.1471208,108.9291061,104.8031748
-0.9509849534940543,-0.7527142973545924,0.31619837879052587,-0.04922607227880952,0.13592693748170573,168,103.4739456,102.4624327,109.4113349,105.1159044
-1.1297809753758459,-1.0225195466887673,0.3959387360746168,0.04120126135188837,0.027791501553880674,169,103.6173222,102.7807541,109.8944454,105.43084056666667
-1.1494943205950525,-0.974847069299871,0.4778988162696259,0.027805334553792894,0.04800277484661523,170,103.7637155,103.101944,110.3781221,105.7479272
-1.09264193774643,-0.7501601698004707,0.4009475194863863,0.02661245851170753,0.07558346393661236,171,103.9134094,103.4258627,110.8620528,106.06710830000002
-0.6583824915475422,-0.6565605593002984,0.3570864959831993,0.19860905392260672,0.08880219740796706,172,104.0666829,103.7523718,111.3459291,106.38832793333334
-0.2682272784888875,-0.7177081869985571,0.2557428040710824,0.2612156155416968,0.08844868809150858,173,104.2238103,104.0813342,111.8294463,106.71153026666666
-0.6897538666195725,-0.9744774238739705,0.4051678907209386,0.16788944436769493,0.08196868618290817,174,104.3850601,104.4126146,112.3123042,107.03665963333331
-0.9991087640774421,-0.996193391459916,0.5028812795442786,0.05494758800266507,0.0866450307913071,175,104.5506955,104.7460794,112.7942074,107.36366076666668
-0.5979198038114379,-0.7368229056525477,0.4577235528617175,0.02323698587572156,0.08077722962533282,176,104.7209733,105.0815971,113.2748654,107.6924786
-0.8277960375442633,-1.108276238786603,0.38538290602411074,0.12413507993168753,-0.02308359875827223,177,104.896144,105.4190381,113.7539929,108.02305833333334
-1.0649913682870245,-1.0722378921951117,0.5319250792034389,0.1138603339707407,-0.04498078880539638,178,105.0764515,105.7582753,114.2313103,108.3553457
-0.7600840629235396,-0.7488225018562333,0.5296974163915594,0.2362432471505008,-0.004653671363690222,179,105.2621329,106.0991838,114.7065438,108.68928683333333
0.04534876404923639,-0.7096641906626698,0.2845480104947253,0.1503376509327631,0.06886373510707033,180,105.4534178,106.4416414,115.179426,109.0248284
-0.017975813354713228,-0.6612839838324216,0.30499131355140247,0.42247162668220506,-0.021992204856474892,181,105.6505285,106.7855285,115.6496958,109.3619176
-0.275638828722923,-0.7492064726966373,0.4208546130807147,0.3318248193072494,0.016765582298134064,182,105.8536796,107.1307284,116.1170987,109.70050223333334
-0.5553176000745641,-0.7909564395250466,0.5041270818844402,0.07902464262993338,0.005974442794666092,183,106.0630776,107.4771272,116.5813874,110.04053073333334
-0.7875565773047777,-0.855217134083411,0.6017646415399054,0.06159412879843362,-0.03551581854168353,184,106.2789212,107.8246142,117.0423215,110.3819523
-0.6714700375384167,-0.8149356636831568,0.5259829863050635,-0.06160367739468451,0.11284872281975501,185,106.5014004,108.1730817,117.4996682,110.72471676666665
-0.4935318221415328,-0.9956104993396967,0.5197794376098108,0.13568791158898305,0.0012015403093427756,186,106.7306968,108.5224254,117.9532024,111.06877486666669
0.35677269630223213,-0.8023004533905802,0.24663190892110895,0.433730240240084,0.110664026159726,187,106.9669833,108.8725444,118.4027067,111.41407813333332
-0.2744782826249029,-0.9085338316190342,0.4622403316768384,0.2092301205378524,-0.0022616351308084076,188,107.210424,109.2233411,118.8479717,111.76057893333336
-0.2661571652562402,-0.9070854648948018,0.5486662646920836,0.15176068454053937,0.04208257127390337,189,107.4611738,109.5747216,119.2887964,112.1082306
-0.3684371517155995,-0.831860272408875,0.5318970733327186,0.07768940984227678,0.12190581505949587,190,107.7193786,109.9265956,119.724988,112.4569874
-0.30270343284177054,-1.031155140878211,0.47432100737156485,0.03223959967942786,-0.08524126024822223,191,107.985175,110.2788767,120.1563624,112.8068047
-0.06099048770516777,-0.5987072796475715,0.45212698959583547,0.1474263402766308,0.09201239102852402,192,108.2586902,110.631482,120.5827442,113.1576388
0.8345100939478256,-0.43359050059019083,0.23978767090745368,0.24807482360637223,0.14850503197951742,193,108.5400419,110.9843326,121.0039667,113.50944706666668
0.09926955113267763,-0.7877925421911572,0.5309971583250431,0.0887914571223265,0.12112391035353663,194,108.8293382,111.3373537,121.4198724,113.86218809999998
0.40043287104985337,-0.7299438206512165,0.4163333135120299,-0.02043861523527866,0.17065354519063336,195,109.1266779,111.6904743,121.8303128,114.21582166666668
-0.11094823088538427,-1.0023768125378947,0.5768004830868059,-0.10408675838968129,0.05821604542361962,196,109.4321497,112.0436276,122.2351485,114.5703086
0.19058786244130532,-0.9959858630946298,0.4586790007751769,0.028970937303751085,-0.0015173986971926115,197,109.7458328,112.3967508,122.6342497,114.9256111
0.15233779909070125,-0.7318833614520189,0.5130834375162212,0.014516255490047538,0.10183143902237685,198,110.0677966,112.7497853,123.0274957,115.28169253333331
1.0161756913538853,-0.6699361540079584,0.2257004706162078,0.32297389917417857,0.004868415921817258,199,110.3981009,113.1026766,123.4147755,115.63851766666666
0.5459798668577317,-0.532784946298184,0.4828182176632723,-0.08107075881589308,0.12105004090829274,200,110.7367954,113.4553746,123.7959876,115.99605253333334
0.8221986000486116,-0.5802498146172318,0.3950005607072735,0.1003765684492226,-0.012172199092624538,201,111.0839203,113.8078334,124.1710401,116.3542646
0.16660072315636873,-0.8339467890836457,0.5401429462776123,0.12133376036690617,-0.07550255774102467,202,111.4395061,114.1600113,124.5398507,116.7131227
0.5077606643309943,-0.8376234384325277,0.45098414455342684,0.3101881084140451,-0.010058812065381189,203,111.8035733,114.5118709,124.9023469,117.07259703333334
1.589156472800259,-0.40150092364169176,0.22311686969359248,0.5470303546651363,-0.01624761262740961,204,112.176133,114.8633792,125.2584659,117.43265936666668
1.62315852849163,-0.4238220874462792,0.20658845162499243,-0.010954368457433935,0.16572197821853332,205,112.5571865,115.2145076,125.6081548,117.79328296666664
0.6237972668334202,-0.7146600157983649,0.41366381782101913,0.16175201052658636,0.03672441163347114,206,112.9467257,115.5652317,125.9513701,118.1544425
0.741000020840898,-0.4739811493761406,0.5368923901405857,0.028868166580197887,0.0963362944732544,207,113.344733,115.9155313,126.2880785,118.51611426666666
0.703207341149861,-0.8632650431066279,0.423662610649008,-0.07563684624519464,0.023144865338611532,208,113.7511812,116.2653909,126.6182561,118.87827606666669
1.4442989782333602,-0.3912940700896376,0.34566187510337376,-0.06110116595080957,0.21044455188782255,209,114.1660341,116.614799,126.941889,119.24090736666666
1.739359439794724,-0.315400950984052,0.2423809013264435,0.2644053230740917,0.1108323600791271,210,114.5892461,116.9637486,127.2589728,119.60398916666666
1.2357601262086324,-0.3975286088563973,0.4112888777339287,-0.03165705021177238,0.18011461505100967,211,115.0207626,117.3122369,127.5695129,119.96750413333332
1.3419468368213783,-0.5908109710103181,0.3390431845704679,0.013688094777624733,-0.01443893361944641,212,115.4605201,117.6602655,127.8735244,120.33143666666666
1.1284822515870203,-0.6148684627195291,0.40243088316684394,-0.08705175372340443,0.03928414908148529,213,115.9084463,118.00784,128.1710319,120.69577273333334
0.7769712721454926,-0.6114828366898004,0.5468696710285944,0.0769825523660596,0.010153721800474831,214,116.36446,118.3549704,128.4620693,121.0604999
1.8281496557570187,-0.20437045807568535,0.3082648365415381,-0.0016632747340154192,0.1735350284369076,215,116.828472,118.701671,128.7466804,121.4256078
2.389810745281452,-0.29292029018717664,0.05110270187879669,0.5563673373664335,-0.04919599446041285,216,117.3003841,119.04796,129.024918,121.79108736666667
1.6954855121057297,-0.1316355582627226,0.4256143749615077,-0.05705131370959764,0.1966041841547364,217,117.7800905,119.3938598,129.2968443,122.15693153333332
1.2168224035702684,-0.11914862451852884,0.5843322235759073,-0.18703986242770754,0.043192319168441726,218,118.2674771,119.7393969,129.5625308,122.52313493333332
0.8268537500759168,-0.8131342632022502,0.5226834244847505,0.19969530973965563,-0.11904241676570991,219,118.7624221,120.0846019,129.8220578,122.88969393333332
1.249426239360424,-0.4337793290442866,0.47121739218671227,0.18087485947634413,-0.017915848239782376,220,119.2647961,120.4295091,130.0755148,123.25660666666666
2.007398415909297,-0.4381300155284053,0.1656237922644778,0.24770877908351124,0.004742547228763206,221,119.7744621,120.774157,130.3230002,123.6238731
2.341464519042656,-0.0934262066876696,0.2621673570269309,0.07367753370856463,0.05446932097507291,222,120.2912763,121.1185876,130.5646208,123.9914949
1.865584812944148,-0.5226011693873319,0.3109390658356541,0.30033867654710206,-0.0678967598778106,223,120.8150876,121.4628472,130.8004924,124.35947573333333
1.45390441667896,-0.49891010665018104,0.4823585520573455,0.027228669778835157,-0.022768705326948552,224,121.3457382,121.8069852,131.030739,124.72782080000002
0.967067020539636,-0.6002015017298642,0.6206441547933316,-0.08101772343338509,0.09835909593596028,225,121.8830639,122.1510551,131.2554931,125.09653736666668
0.959896854739464,-0.7026981793317313,0.6658682726263111,0.017888766695168,-0.011991619776053059,226,122.4268941,122.4951138,131.474895,125.4656343
1.4628650544649426,-0.5137640145363882,0.5129039285212339,0.13187077144104487,-0.03248553080224624,227,122.9770523,122.8392217,131.6890935,125.8351225
0.9795992430130639,-0.6674468237640327,0.6389387452027993,-0.20302961574644238,0.10496283511633704,228,123.5333561,123.1834427,131.8982448,126.20501453333333
1.4706077700911506,-0.610027678438377,0.44820788799731665,0.15571166119726643,-0.04199906782327221,229,124.0956175,123.5278439,132.1025129,126.57532476666664
1.7762012923465103,-0.32392604798016095,0.4027154077713484,-0.06381725480990906,0.13879165672482452,230,124.6636433,123.8724957,132.3020694,126.94606946666666
1.620397929518867,-0.36619397875567294,0.47632099512426607,-0.10841299335979893,-0.016310615477803384,231,125.2372354,124.2174717,132.4970931,127.31726673333333
1.9978979104933847,-0.1805542610359344,0.46280981733397125,0.1019004912609803,-0.001801864427249135,232,125.8161908,124.5628486,132.6877699,127.68893643333335
1.959934275097292,-0.3060332251623305,0.39548110835351274,0.17211078711513225,-0.07671511601788278,233,126.4003021,124.908706,132.8742926,128.06110023333335
2.7430094309021937,-0.07519481914196455,0.21567022502034527,0.20506277776911533,-0.020377942919096056,234,126.9893575,125.2551264,133.0568608,128.43378156666665
2.5343675938813317,-0.13589482495954008,0.23171574261317734,0.18887018391024935,-0.0897139318704739,235,127.5831416,125.6021951,133.2356806,128.80700576666666
2.4711482590745457,-0.192312307526311,0.276506324774004,0.3341108487286617,-0.03210916906668827,236,128.1814351,125.9500002,133.4109642,129.18079983333334
2.9325259231969816,-0.14607027503599562,0.09428570540522085,0.049453478019935784,-0.020134256309769262,237,128.7840154,126.2986322,133.5829302,129.55519259999997
2.740330890165172,0.08883208793444354,0.27685189002718386,-0.08300928453351675,0.15144672537313156,238,129.3906569,126.6481841,133.7518028,129.9302146
2.8381689887236603,-0.07117439314028552,0.1689226241305842,0.18170340160437462,-0.04423976610170086,239,130.0011312,126.9987515,133.9178121,130.30589826666667
3.0352647243890627,0.10295172688253452,0.13215184869847346,0.4103508640842399,-0.12448782832352118,240,130.6152074,127.350432,134.0811934,130.6822776
3.6641616415574902,0.010111299155288822,-0.11592390290685443,0.0739064797660601,-0.0450344371099406,241,131.2326523,127.7033255,134.2421873,131.0593883666667
3.121418601311178,0.005792129949754362,0.11573150596428354,0.18933307862216972,-0.09481465606280766,242,131.8532309,128.0575339,134.4010394,131.4372680666667
3.402079012374322,0.32792469525882584,0.10602694316354595,0.37805520871845844,0.013564644295493004,243,132.4767066,128.413161,134.5579999,131.81595583333333
3.2167794765792657,0.14557218798460383,0.05925877544083074,-0.13155096398832175,0.04391251758320496,244,133.1028415,128.7703127,134.7133235,132.19549256666667
3.4010966917898364,0.13638036349244362,0.026003361366134268,-0.11868923110332755,-0.04225024618460969,245,133.7313964,129.1290961,134.8672693,132.5759206
3.8007707632255574,0.10120321690557911,-0.08984940907241432,0.15236124159190337,-0.15775980065078682,246,134.3621319,129.4896204,135.0201002,132.95728416666668
3.197306936258193,0.1781088414472117,0.12521331594318336,-0.17019424163126015,0.0420427880259622,247,134.9948077,129.851996,135.172083,133.3396289
3.6487230521763965,0.2367186441216141,0.0261283170418781,0.11850315045508485,-0.055869874640467845,248,135.6291837,130.2163346,135.3234878,133.72300203333333
3.6785631094299642,0.19254753443877998,-0.05912906085364416,0.14038073794567302,-0.076808210851905,249,136.2650196,130.5827494,135.4745881,134.10745236666665
3.759565664443142,0.4031288610947385,-0.020052872531569708,0.16061286966489655,-0.0022295644561764268,250,136.902076,130.9513544,135.6256605,134.4930303
3.963135235622426,0.22419436655965538,-0.09554434498166697,-0.1446675095463424,0.05231898097830627,251,137.540114,131.3222648,135.776984,134.8797876
3.552056929556427,0.43883071430257464,0.061370241843913806,0.12252305209331843,0.09087887936163755,252,138.1788957,131.6955966,135.9288403,135.26777753333332
3.6199615371841927,0.254565844359485,0.01020089507953609,-0.06644617887950173,0.25000889779583557,253,138.8181847,132.0714667,136.0815132,135.65705486666664
3.382781438814171,0.5131880047421109,0.1853357267943863,-0.0493324819831621,0.09982497921629323,254,139.4577462,132.4499923,136.2352886,136.04767569999998
3.3381983955168018,0.19246869873431563,0.08615841187343798,0.03690444003702965,0.04255186940327314,255,140.0973471,132.8312914,136.390454,136.4396975
3.547907520550074,0.7128325574049905,0.1922913085765598,-0.0068518607399004556,0.1093767864179361,256,140.7367569,133.2154822,136.5472984,136.83317916666667
4.1381237560403985,0.40288344144989957,-0.21875267480647007,0.22575562427646567,0.019164143883349808,257,141.375747,133.6026833,136.7061117,137.22818066666667
3.620719312830476,0.37080689972584474,0.062132689279576124,-0.06948466266264434,0.16141033325010554,258,142.0140922,133.9930132,136.8671851,137.6247635
3.9092287980292895,0.3279050167227053,-0.13446426851295365,0.39889583147794494,-0.11893919246104039,259,142.6515699,134.3865908,137.0308101,138.02299026666665
4.257635958606287,0.38741205651598015,-0.13373785463972934,0.18124461028742953,-0.057666943125386755,260,143.2879608,134.7835344,137.1972787,138.42292463333334
4.019985395683112,0.3605579859899773,-0.07715483103446509,0.09028136404072955,-0.010143236298629007,261,143.9230495,135.1839625,137.3668831,138.8246317
4.401743944197841,0.5755139468147621,-0.2488737364515645,0.1829416337891282,0.024635080820644716,262,144.556624,135.5879928,137.5399153,139.22817736666664
3.923667635139757,0.23000259836980178,-0.08971515157682995,-0.20047492144695728,0.08424506985755326,263,145.1884767,135.995743,137.7166668,139.63362883333332
3.7726193514161945,0.4445573968402258,0.04754129460449823,0.08760907816573224,0.10434499186560348,264,145.8184043,136.4073297,137.8974285,140.04105416666667
4.246593136149398,0.20994877603001344,-0.23114504590094392,0.06596565397721735,-0.08813536303343482,265,146.4462078,136.8228691,138.0824903,140.45052239999998
3.866994113012789,0.27902628389298995,-0.06052500890506,-0.21488741227894015,0.2886100493115634,266,147.0716935,137.2424764,138.272141,140.86210363333336
3.218390645609306,-0.2508994522130201,0.04612848913437262,-0.298515850869384,0.029745909780304704,267,147.6946724,137.6662659,138.4666678,141.27586870000002
3.606064623370309,0.041043861730948185,-0.019137430250495423,-0.22254695445297742,0.01225683533267327,268,148.3149609,138.0943508,138.6663564,141.6918893666667
3.2939014462492797,-0.2231405147093077,-0.022713209408677947,0.007043087773330239,-0.14219019071178954,269,148.9323811,138.526843,138.8714903,142.11023813333335
3.341095925826093,-0.16246187360420464,0.0001110071280523791,-0.2208910675026683,-0.04619812132469849,270,149.5467607,138.9638531,139.082351,142.53098826666667
3.868527105230301,0.14252547135918708,-0.09645397517914212,0.057850607293531635,-0.03469773117384762,271,150.1579333,139.4054903,139.2992173,142.95421363333332
3.585719044086417,0.11424056081524878,0.03850843958912759,-0.286112149544985,0.04345878764233106,272,150.765739,139.8518621,139.5223654,143.37998883333333
3.808291333944038,0.158468344066764,-0.08689535029329168,-0.18070764035735806,-0.07805632625497101,273,151.3700239,140.3030746,139.7520686,143.80838903333336
3.619580060296354,-0.1490728049230589,-0.11056816355145964,-0.06485814429868816,-0.07328087835792227,274,151.970641,140.7592317,139.9885969,144.23948986666667
3.9981628709877333,0.1766704937223759,-0.13782799364915252,0.05276803549176701,-0.0554491469900615,275,152.5674499,141.2204358,140.2322168,144.6733675
3.7858329282416894,0.13667096615776675,-0.09139041414930285,0.14907952847052694,0.0307438033739084,276,153.1603172,141.686787,140.4831912,145.11009846666664
3.1353646629040743,0.1471920663316798,0.16537589675401654,-0.21711454737672942,0.0696212437583778,277,153.7491167,142.1583834,140.741779,145.5497597
3.2876191191953215,0.005666422672114241,0.056516979124629364,-0.31392944944825407,0.030617724377873672,278,154.3337295,142.6353208,141.008235,145.99242843333334
3.202092601101806,0.14564679421954976,0.1536055027413676,-0.2125279177737135,0.06354071832759926,279,154.914044,143.1176927,141.2828095,146.43818206666666
3.7774666565008106,0.1934190445837877,-0.0678216104437702,-0.260039649650907,0.06692240635198482,280,155.4899564,143.6055902,141.5657483,146.88709830000002
3.3419063102211646,0.021925020467617094,0.03509583681374069,-0.4538115845961952,-0.004098297775016515,281,156.0613707,144.0991016,141.8572923,147.3392548666667
3.4098387508058505,0.1488686217459353,0.10448422474335133,-0.08179528771737277,-0.08761912935975985,282,156.6281987,144.5983129,142.1576774,147.79472966666663
3.3329516275362403,-0.14480558572760382,-0.004342205074177347,-0.22449124560087108,-0.055250298667092974,283,157.1903603,145.1033072,142.467134,148.25360049999998
4.243373899233366,0.2565659853032394,-0.20958130275505918,-0.33191279374240873,-0.05219330065471476,284,157.7477835,145.6141647,142.7858874,148.7159452
4.1971411786847765,0.2645975419972078,-0.12412697545979665,-0.1674832151888537,-0.052288069279366814,285,158.3004046,146.1309628,143.1141568,149.1818414
4.587039870767211,0.5768105388983098,-0.27916874751741544,0.10949698684621186,0.03476951234928685,286,158.8481684,146.6537756,143.4521558,149.6513666
4.822025204861161,0.5899243362207975,-0.27781250906190397,-0.2196490038492508,0.042641670029320594,287,159.3910281,147.1826743,143.8000917,150.12459803333334
4.133914509728229,0.4618249219744251,-0.1010568379475326,-0.15093839553145735,0.030024894127570485,288,159.9289454,147.717727,144.1581657,150.6016127
4.257328504288022,0.37832805635068795,-0.15253945534730398,-0.07909703143336265,0.06275483911128191,289,160.4618907,148.2589982,144.5265724,151.08248709999998
4.465643149885789,0.5087915379573618,-0.21117950695988472,0.24826141844123445,-0.08451051463082675,290,160.9898432,148.8065493,144.9054997,151.5672974
4.1394732224525175,0.5547165305000443,-0.06637549914786527,0.07894906826049557,-0.03888847085395889,291,161.5127908,149.3604379,145.2951287,152.05611913333334
3.909711862760567,0.33440606270076345,-0.05304686630467579,-0.1300603369174183,0.03477695713133799,292,162.0307303,149.9207185,145.6956336,152.54902746666667
4.774894613638339,0.4781176453700358,-0.33026265312903413,0.08479408662488276,-0.08876015809905127,293,162.5436673,150.4874416,146.1071812,153.04609670000002
4.742422487627142,0.6463127277470446,-0.26148539272345095,-0.012460832424901536,-0.013648585694212876,294,163.0516165,151.0606542,146.5299311,153.54740059999995
5.039908227613251,0.6443899593042545,-0.3529388056064048,-0.0927379858919343,-0.08311918529357622,295,163.5546014,151.6403995,146.9640355,154.05301213333334
5.181916799131958,0.6521182103756191,-0.38003163821574076,0.20680939105468688,-0.2065609028660548,296,164.0526545,152.2267169,147.4096385,154.5630033
4.330349672252383,0.46635037054344247,-0.14111423135951456,0.1379221659161227,-0.09998296427642707,297,164.5458173,152.8196419,147.866877,155.07744540000002
4.44925136151458,0.4427551450543342,-0.15658426242918036,0.05007614530971071,-0.025242898034339968,298,165.0341403,153.419206,148.3358794,155.59640856666667
3.8917210203779367,0.30111002207872684,0.016640489572210995,0.020163647522787796,-0.13617817633987625,299,165.5176828,154.0254367,148.8167664,156.11996196666666
3.914227854219134,0.48360884936389237,-0.009654532689337955,-0.09616002241088652,0.06264911103256084,300,165.9965134,154.6383575,149.3096502,156.6481737
3.7421953400260706,0.24078378862193162,0.023334840219951594,-0.18879826901110236,-0.07863144258990346,301,166.4707092,155.2579876,149.8146348,157.18111053333334
4.616369143965133,0.46560148666538176,-0.2344223242687817,-0.24487769242163548,-0.056044353519221386,302,166.9403565,155.8843423,150.3318158,157.71883819999996
4.524245692529273,0.4771518213872945,-0.2065551181726653,-0.011185435470062264,-0.19021643308450148,303,167.4055503,156.5174323,150.8612801,158.2614209
4.689189685180695,0.5157373459949053,-0.1939781645071927,-0.2254088581636253,-0.052901539278255555,304,167.8663945,157.1572644,151.4031059,158.8089216
4.868501916093417,0.9942018841198526,-1.0545852158377265,-0.3447763400524329,0.13537998794257977,305,168.3230015,157.8038408,151.9573629,159.36140173333334
5.124956392176484,0.6396761134034797,-0.3813874430332572,0.07711064295236211,-0.1623380055506092,306,168.7754925,158.4571595,152.5241115,159.91892116666668
5.260953285455571,0.7670259743982443,-0.4403712416614331,-0.2728049188585277,0.010850401901219312,307,169.2239972,159.1172142,153.1034034,160.48153826666666
5.299156450420744,0.40229055860907753,-0.5284367907445006,-0.18190498220054674,-0.14062150559593992,308,169.6686538,159.7839938,153.6952813,161.04930963333334
5.451988488507662,1.1396557736964625,-1.2970839439393753,-0.41020205772982526,0.08173615567919258,309,170.109609,160.4574833,154.2997786,161.6222903
5.0780214986337615,0.7240627529463654,-0.38251481229330403,-0.10525675917200306,-0.009908134629993261,310,170.5470173,161.1376626,154.9169196,162.20053316666667
4.973158394888034,0.7812618205477261,-0.30819797433026,-0.11911104081232697,0.07018868951115778,311,170.9810419,161.8245077,155.5467195,162.7840897
4.745454120533926,0.5027443142597277,-0.3192591587453734,-0.32996314146790273,-0.08513019987630224,312,171.4118535,162.5179895,156.1891839,163.37300896666667
4.791583860237303,0.44775195278490304,-0.36037339100835325,-0.05004581403464352,-0.12394647528811421,313,171.839631,163.2180749,156.8443093,163.9673384
4.396914379942955,0.5820317151554969,-0.19285240289853925,-0.06845962571192314,-0.1725235180620236,314,172.2645609,163.9247258,157.5120827,164.56712313333335
5.586417737995812,1.3205610928495617,-1.1941245389441237,0.023173054121094442,-0.013035766539242622,315,172.6868372,164.6378999,158.1924817,165.17240626666668
